预测结果,误差
621.65,0
609.67,0
610.92,0
612.2,3.38
609.0,1.38
610.0,0.89
609.3,2.26
607.6,3.98
609.4,0.79
609.7,1.04
609.3,10.42
605.1,7.68
601.7,7.62
598.2,5.68
598.7,3.04
598.5,0.48
597.6,8.36
598.7,6.97
599.6,4.25
599.9,9.49
601.3,13.52
603.5,9.48
605.1,6.75
606.2,3.42
606.8,0.38
606.8,5.28
607.7,9.51
609.2,5.54
610.2,5.45
611.1,6.44
612.3,2.47
612.9,22.11
616.0,19.96
619.0,15.02
621.4,16.54
624.0,17.42
626.8,12.17
629.0,7.29
630.7,1.45
631.4,3.68
631.9,0.02
632.8,22.68
636.0,17.25
638.6,12.79
640.9,14.41
643.4,8.05
645.2,37.02
649.8,37.88
654.5,31.41
658.6,39.4
663.6,38.4
668.5,28.51
672.6,60.73
679.5,6.67
682.0,1.69
684.2,20.59
687.8,24.2
691.8,18.16
695.3,13.67
698.5,22.43
702.4,19.1
706.1,9.35
709.1,5.39
711.0,8.72
712.8,6.34
714.6,3.69
716.7,4.97
718.7,18.26
722.2,25.32
726.3,22.68
730.2,1.14
732.6,5.93
735.4,1.57
738.0,3.63
740.7,3.25
743.0,7.36
745.1,11.43
746.9,18.94
748.3,20.99
749.6,16.89
751.1,8.41
753.0,10.95
754.9,17.53
758.3,6.03
761.1,1.87
763.7,9.07
765.7,9.08
767.7,8.71
769.7,0.02
772.2,2.18
774.6,5.52
776.8,0.2
779.3,2.3
781.7,3.71
784.1,9.21
786.2,9.45
788.2,12.32
790.1,1.4
792.6,4.2
794.9,6.23
797.2,4.11
799.5,24.71
803.2,31.77
807.2,94.11
814.1,77.51
820.3,72.3
826.3,71.03
832.4,97.97
839.7,90.64
846.7,116.68
855.0,97.15
862.5,95.62
870.0,127.72
879.0,136.97
888.5,124.92
897.6,229.16
911.4,83.27
919.0,80.65
926.5,29.67
929.3,21.16
932.5,22.01
935.6,29.55
938.5,153.28
936.1,155.18
933.7,107.41
933.2,115.29
932.3,112.75
931.6,101.1
931.2,27.36
933.8,27.2
936.4,40.6
938.5,44.88
940.4,44.76
942.3,23.7
945.0,22.93
947.7,27.73
950.3,57.25
951.8,35.84
954.1,39.05
956.2,35.89
958.5,42.57
960.5,48.31
962.3,2.41
965.9,13.8
970.0,13.42
974.0,39.03
979.0,52.0
984.4,49.67
989.8,34.21
994.7,55.41
1000.3,52.54
1005.9,29.8
1008.7,9.6
1012.2,14.61
1015.5,14.9
1018.9,19.02
1022.1,20.9
1025.2,12.87
1028.7,6.51
1032.7,2.5
1036.7,19.94
1041.2,11.58
1045.5,5.37
1049.6,74.19
1056.0,67.22
1062.1,67.91
1068.4,106.47
1075.8,74.81
1082.4,67.97
1088.7,102.05
1096.2,91.37
1103.4,87.49
1110.5,148.91
1119.6,165.54
1129.3,157.7
1138.8,132.13
1147.6,127.6
1156.3,123.2
1165.0,7.61
1169.7,22.77
1175.3,16.79
1180.7,1.54
1185.7,41.79
1191.9,35.78
1198.0,47.37
1204.5,52.9
1211.2,45.8
1217.8,126.63
1219.2,266.97
1216.4,248.71
1214.2,165.12
1214.4,95.77
1216.5,103.5
1218.5,179.71
1218.3,276.38
1215.3,287.37
1212.0,255.21
1209.6,172.37
1209.4,168.36
1209.4,168.82
1209.3,171.4
1209.2,174.46
1208.9,121.97
1210.1,110.93
1211.6,131.61
1212.5,70.9
1215.0,81.92
1217.2,83.67
1219.4,28.95
1223.0,41.85
1226.3,42.27
1229.5,21.76
1233.4,6.78
1237.6,18.51
1241.5,61.48
1244.3,59.04
1247.2,76.84
1249.7,62.77
1252.5,46.87
1255.7,78.73
1258.2,40.27
1261.6,19.91
1265.5,28.87
1269.2,7.89
1273.4,15.41
1277.4,36.56
1281.0,1.59
1285.4,23.71
1290.4,2.38
1294.8,36.49
1300.2,34.78
1305.6,27.4
1310.8,106.37
1317.9,134.18
1325.7,121.85
1333.3,174.99
1342.2,191.14
1351.5,167.25
1360.3,175.57
1369.4,271.22
1380.8,270.3
1392.3,370.59
1406.2,414.79
1421.3,407.7
1436.4,335.52
1449.9,326.42
1463.2,316.8
1476.4,262.63
1488.5,318.99
1501.9,282.08
1514.6,446.92
1531.2,521.71
1549.8,459.04
1567.0,523.66
1585.8,701.91
1609.0,647.32
1631.0,756.21
1655.8,556.18
1676.0,603.82
1697.4,495.58
1716.5,559.43
1737.1,552.92
1757.7,528.23
1777.7,621.54
1800.0,609.93
1822.0,703.77
1846.2,669.97
1869.6,659.93
1892.9,990.41
1923.1,741.82
1948.1,734.93
1972.8,854.69
1999.8,845.57
2026.5,872.13
2053.5,604.18
2075.3,672.89
2098.2,607.8
2119.8,322.68
2136.4,328.56
2153.2,324.74
2169.9,337.49
2186.8,430.41
2205.3,394.7
2223.3,447.74
2242.1,485.19
2261.4,452.08
2280.2,308.96
2296.9,215.47
2312.3,189.73
2327.4,190.5
2342.6,242.75
2358.6,199.7
2374.1,103.54
2388.3,112.89
2402.8,18.46
2416.0,145.23
2431.0,168.73
2446.4,152.49
2461.7,148.27
2477.0,14.2
2490.6,12.26
2504.2,32.04
2518.2,152.03
2529.8,202.71
2540.7,154.95
2552.3,197.52
2563.2,224.71
2573.9,514.9
2580.3,649.09
2584.6,673.64
2588.2,268.08
2597.8,333.03
2606.3,341.09
2614.8,67.4
2629.6,178.01
2646.3,179.21
2663.0,88.82
2678.4,117.4
2690.8,126.5
2703.1,55.47
2716.5,65.14
2731.9,52.9
2747.1,1.14
2761.6,104.83
2777.8,85.1
2793.8,100.17
2807.1,12.98
2821.7,31.7
2836.2,381.92
2856.9,395.66
2877.7,332.5
2897.8,559.57
2921.0,436.33
2942.5,397.78
2963.6,668.91
2988.2,864.6
3015.1,853.42
3041.6,1241.39
3072.1,1144.93
3100.9,1079.07
3128.5,1200.23
3156.5,973.94
3182.1,922.61
3207.0,950.96
3231.7,812.02
3255.3,730.98
3278.3,896.65
3302.0,1038.32
3325.9,1005.87
3349.3,1011.21
3372.3,982.01
3395.1,943.95
3417.5,1190.49
3439.6,1155.39
3461.2,1121.32
3482.4,1429.34
3502.1,1078.29
3522.9,1062.67
3543.5,800.6
3565.9,922.82
3587.5,797.52
3610.1,1044.56
3630.9,679.85
3655.1,657.16
3679.6,650.36
3704.4,543.69
3730.4,468.19
3757.3,203.97
3786.8,467.17
3821.5,605.07
3855.6,91.97
3885.3,139.24
3914.8,236.27
3944.5,1.09
3972.7,4.86
4000.8,106.32
4029.1,391.6
4058.0,281.61
4086.2,308.58
4114.0,171.45
4141.4,231.09
4168.6,287.6
4195.7,6.29
4222.7,29.13
4249.7,85.43
4276.7,84.02
4303.9,82.98
4331.2,62.87
4358.6,133.43
4385.9,47.05
4413.4,94.82
4440.8,64.61
4468.4,133.88
4496.4,109.26
4524.4,257.88
4552.8,266.69
4581.4,240.77
4610.2,953.61
4639.5,1099.94
4668.6,1157.39
4697.2,1014.01
4725.8,877.91
4754.7,839.96
4783.7,943.93
4812.3,1167.16
4839.8,1146.64
4867.3,1115.88
4894.7,981.38
4923.1,977.49
4951.6,718.02
4982.3,910.84
5011.7,878.12
5041.5,735.2
5072.9,1082.53
5101.0,1035.49
5129.8,1258.85
5156.3,1509.01
5179.5,1572.48
5201.7,1996.02
5217.2,2220.34
5227.8,2138.19
5238.9,1750.17
5257.4,1834.73
5274.1,1854.54
5290.5,1867.54
5306.9,1412.5
5335.3,1233.92
5369.0,347.3
5425.7,1124.53
5462.2,1031.43
5501.5,1799.93
5521.3,2293.73
5527.9,2340.87
5533.4,2283.74
5541.1,2466.55
5543.4,2506.32
5545.0,2514.8
5547.2,2720.84
5542.6,2694.12
5540.4,2710.58
5539.0,3168.41
5519.0,3249.8
5496.9,4221.4
5427.5,4525.01
5342.0,4577.0
5254.8,4892.57
5150.2,5733.71
4990.2,5889.68
4821.9,6510.72
4608.0,6976.83
4359.8,7231.42
4098.5,9442.48
3608.3,12893.67
2677.5,14183.38
1537.3,13605.53
552.7,14317.1
-464.4,15533.35
-1602.5,18878.89
-3403.1,20211.47
-5257.2,21509.51
-7080.9,24852.8
-9604.3,29102.98
-13118.6,32398.5
-16915.7,35877.56
-20889.2,38626.31
-24373.9,41756.84
-27758.7,43806.21
-30236.7,45427.64
-32023.9,45800.51
-32624.7,46573.88
-33256.5,47375.53
-33916.0,47656.94
-34169.3,49758.62
-35794.3,50174.88
-36320.8,50534.81
-36597.8,49813.37
-35958.5,50124.08
-36002.3,49798.3
-35650.6,50656.46
-36166.5,51219.76
-36604.8,51644.04
-36916.2,54090.32
-38849.5,56168.7
-40793.2,57949.15
-42473.9,57739.81
-42361.4,57075.65
-41660.3,56097.72
-40639.8,53936.59
-38627.1,52539.98
-37112.4,50903.59
-35482.8,49335.72
-33889.0,47901.2
-32399.4,45953.54
-30580.3,41697.25
-27198.7,38544.12
-24181.0,35355.82
-21257.1,34207.89
-19457.9,30963.13
-16980.6,28494.02
-14652.9,25875.96
-12333.8,23616.06
-10185.0,21577.03
-8210.2,19180.02
-6201.3,17726.08
-4509.7,15941.07
-2883.0,14095.66
-1285.1,11469.16
495.0,9587.52
2162.7,6920.56
3926.0,4975.9
5562.2,3290.53
7052.0,1348.65
8474.8,1635.98
9980.4,3054.94
11287.7,3187.74
12304.1,4063.56
13200.2,4955.12
14004.3,5684.42
14720.5,6377.04
15362.6,7294.58
15956.5,7358.73
16459.6,7124.97
16880.1,7408.46
17260.6,7133.44
17587.0,6745.01
17868.8,6782.97
18129.4,7018.44
18377.8,6987.41
18608.5,7362.52
18833.7,8902.63
19074.3,8912.18
19293.9,9122.6
19498.6,9802.01
19693.9,9345.3
19868.9,9549.44
20032.8,9662.63
20185.9,9176.52
20328.6,9397.48
20464.5,9137.55
20594.5,9164.32
20719.6,9202.77
20840.5,10077.3
20952.6,10834.54
21053.4,11132.94
21144.2,12054.92
21217.5,12471.5
21275.9,12498.53
21323.7,12140.86
21368.1,12213.4
21404.1,12250.56
21432.6,13074.48
21439.0,12908.6
21440.8,13142.91
21430.6,13259.18
21410.7,12998.67
21390.2,12784.56
21369.0,12421.25
21351.8,12661.39
21324.4,12599.03
21294.1,12631.72
21258.8,12641.5
21219.2,12761.24
21172.5,13296.3
21106.7,13146.32
21040.5,13089.89
20971.6,14089.07
20869.4,13933.92
20766.5,13828.94
20661.6,13625.75
20558.2,13147.76
20464.8,13038.32
20371.1,13544.59
20258.3,13654.42
20138.2,13503.52
20018.7,13001.04
19910.9,13211.63
19793.4,13008.99
19678.7,12752.43
19568.8,11720.95
19487.7,11546.24
19409.8,11373.29
19335.1,10994.35
19270.1,10902.0
19206.1,11310.68
19128.2,10963.26
19058.8,10882.84
18990.3,10137.58
18942.6,10135.39
18893.7,9963.1
18848.7,9914.84
18804.0,9248.46
18777.9,9119.79
18754.9,9496.5
18720.0,9709.68
18678.0,9749.45
18633.7,9299.42
18601.5,9341.93
18567.2,9327.65
18532.5,9311.07
18497.3,8858.03
18474.3,8720.95
18454.5,8651.19
18436.1,8805.96
18412.7,8781.26
18389.3,9160.69
18354.7,9032.66
18322.8,9012.43
18290.7,9821.91
18235.4,9751.05
18181.1,9717.58
18126.6,9474.56
18077.8,9566.34
18025.6,9554.54
17972.8,9866.68
17910.7,9670.64
17852.7,9613.62
17795.4,9287.99
17745.7,9360.14
17693.3,9296.67
17641.6,10085.86
17568.6,10002.41
17496.7,9919.92
17426.0,10083.09
17350.1,9988.27
17275.6,9931.04
17201.6,9741.72
17131.5,9746.1
17060.4,9673.68
16990.2,9455.05
16924.5,9279.35
16862.3,9225.16
16800.7,9300.43
16736.6,9120.88
16676.0,9056.57
16616.2,8939.93
16558.5,8938.35
16500.2,8884.66
16442.5,9665.61
16365.8,9490.12
16292.6,9413.29
16220.3,9904.6
16136.2,9489.19
16060.8,9423.39
15986.3,9476.87
15909.9,9445.49
15833.5,9387.71
15757.9,9020.9
15689.7,8974.98
15621.9,8861.07
15556.1,9223.53
15481.9,9340.29
15404.8,9234.34
15329.3,9117.85
15255.8,9037.2
15183.5,9086.04
15109.8,9001.9
15037.3,9128.6
14961.7,8738.42
14893.7,8518.95
14829.6,8363.53
14768.3,8141.86
14711.0,8117.71
14653.8,8050.42
14597.5,8041.99
14541.0,7946.72
14486.1,7732.54
14434.9,7710.86
14383.8,7873.01
14329.4,7952.04
14273.1,7869.92
14218.0,7973.64
14160.8,7919.8
14104.2,7855.36
14048.5,7534.11
13998.4,7128.49
13955.4,6633.78
13921.1,6524.7
13888.5,6460.46
13856.7,6521.71
13823.7,6372.41
13793.1,6103.22
13767.0,6051.9
13741.6,5490.44
13725.8,5538.48
13708.9,5769.09
13687.9,5505.65
13671.3,5464.96
13655.2,5434.29
13639.4,5722.6
13618.7,6047.83
13592.2,5984.5
13566.6,6172.1
13537.7,6289.93
13506.7,6495.42
13472.1,6484.02
13437.5,6443.99
13403.3,6685.07
13365.1,6968.33
13322.1,6925.61
13279.6,7140.64
13233.5,6922.37
13190.7,6843.63
13149.0,6896.87
13106.3,6743.62
13065.8,6723.17
13025.5,6712.75
12985.2,6548.48
12947.3,6543.24
12909.3,6422.72
12873.0,6471.75
12835.8,6260.57
12801.7,6447.13
12764.6,6220.95
12730.8,6011.37
12699.9,5961.63
12669.7,5950.43
12639.5,5639.46
12613.7,5535.51
12589.2,5656.54
12562.9,5580.95
12537.6,5518.82
12513.1,5265.16
12492.0,5231.05
12471.4,5206.32
12451.0,5337.93
12428.6,5995.33
12396.9,5895.71
12366.6,6000.49
12334.6,6048.17
12302.0,6061.02
12269.0,5972.68
12237.2,5964.06
12205.4,5879.36
12174.7,5675.64
12146.5,5627.84
12119.0,5596.61
12091.8,5691.2
12063.2,5766.57
12033.6,5691.21
12004.8,5586.24
11977.4,5307.41
11953.5,5197.38
11930.9,5220.46
11907.9,5268.6
11884.3,5300.85
11860.2,5391.57
11834.8,5299.32
11810.6,5124.52
11788.5,5238.03
11764.8,5171.66
11742.0,5130.98
11719.5,5156.86
11696.7,5226.3
11673.0,5189.27
11649.7,5081.15
11627.6,5046.11
11605.8,5032.18
11584.2,4965.63
11563.3,4941.59
11542.7,4915.85
11522.3,5273.66
11497.6,5237.07
11473.2,5226.2
11449.0,5149.6
11425.6,4973.03
11404.1,4804.93
11384.6,4788.32
11365.3,4797.26
11345.7,4836.09
11325.7,4836.87
11305.6,4774.0
11286.2,4781.42
11266.6,4785.17
11247.0,4738.69
11227.8,4738.03
11208.6,4734.85
11189.4,4723.48
11170.2,4712.99
11151.2,4768.53
11131.4,4821.95
11111.1,4809.49
11090.8,4748.52
11071.2,4683.53
11052.2,4661.78
11033.4,4641.53
11014.8,4577.83
10996.9,4559.14
10979.1,4440.31
10962.5,4476.25
10945.5,4500.53
10928.2,4529.17
10910.6,4532.33
10892.9,4484.37
10875.6,4503.54
10858.1,4681.95
10838.8,5082.03
10815.3,5219.11
10790.4,5232.16
10765.3,5192.86
10740.6,5436.66
10713.4,6041.43
10680.1,6188.12
10645.4,6096.6
10611.6,6302.26
10575.8,6222.82
10540.8,6717.29
10501.0,6580.46
10462.5,6669.15
10423.3,6319.85
10387.4,6123.62
10353.5,6074.73
10320.0,6203.22
10285.4,6117.85
10251.6,6111.0
10217.9,6256.41
10182.9,6324.55
10147.3,6402.32
10111.0,6705.36
10072.0,6636.66
10033.7,6580.04
9996.0,6472.04
9959.3,6533.11
9922.1,6514.82
9885.2,6478.44
9848.6,6570.23
9811.3,6568.88
9774.1,6502.86
9737.5,6345.09
9702.4,6145.86
9669.0,5860.96
9638.1,5655.25
9609.0,5473.81
9581.5,5670.53
9552.3,5524.82
9524.4,5529.23
9496.5,5682.62
9467.4,5642.02
9438.6,5590.39
9410.3,5666.39
9381.4,5469.11
9354.1,5583.74
9326.0,5534.45
9298.3,5546.03
9270.5,5414.62
9243.8,5378.0
9217.5,5394.87
9191.0,5334.38
9165.1,5244.64
9139.9,5103.81
9115.8,5083.55
9091.9,5057.76
9068.3,5255.71
9043.1,5396.85
9016.9,5370.55
8990.9,5391.06
8964.8,5432.84
8938.5,5281.72
8913.3,5292.03
8888.1,5266.67
8863.1,5230.7
8838.4,5147.88
8814.3,5110.32
8790.6,5242.17
8765.9,5225.88
8741.4,5154.05
8717.5,5151.1
8693.6,5107.35
8670.0,5092.21
8646.6,5070.3
8623.4,5068.9
8600.2,5151.62
8576.5,5154.9
8552.8,5082.8
8529.7,5084.89
8506.5,5031.17
8483.8,4977.58
8461.5,5005.48
8439.0,4986.65
8416.7,4949.36
8394.6,4988.9
8372.4,4977.64
8350.2,4689.12
8330.0,4665.62
8310.0,4623.71
8290.3,4660.83
8270.4,4637.98
8250.7,4636.2
8231.0,4630.69
8211.4,4603.2
8191.9,4572.35
8172.7,4501.96
8154.0,4243.2
8137.0,4210.47
8120.2,4133.02
8103.9,4159.02
8087.4,4103.92
8071.3,3931.7
8056.3,4289.41
8039.1,4190.77
8022.5,4191.05
8006.0,4172.77
7989.5,4139.42
7973.3,4138.68
7957.1,4125.66
7941.0,4126.42
7925.0,4194.02
7908.5,4036.25
7893.0,4016.15
7877.6,3990.78
7862.5,3986.54
7847.3,3896.74
7832.7,3904.53
7818.1,3937.01
7803.3,3910.79
7788.6,3910.83
7774.0,3888.79
7759.5,3823.0
7745.5,3729.55
7731.9,3736.98
7718.4,3719.63
7705.0,3675.89
7691.8,3635.4
7678.8,3686.46
7665.6,3666.54
7652.5,3640.58
7639.6,3645.49
7626.7,3690.81
7613.5,3665.76
7600.4,3551.89
7588.0,3550.63
7575.7,3460.15
7563.8,3449.36
7552.0,3437.84
7540.3,3387.77
7528.9,2646.02
7521.6,2561.79
7514.7,2603.46
7507.7,2478.93
7501.3,2447.78
7495.0,2305.61
7489.6,2220.89
7484.6,2308.79
7479.1,2168.92
7474.4,2439.38
7468.2,2395.35
7462.3,2397.68
7456.3,2303.79
7450.8,2414.62
7444.8,2248.15
7439.6,2219.23
7434.6,2158.29
7429.9,2152.86
7425.2,2115.92
7420.7,2138.87
7416.1,2038.91
7412.1,1893.94
7408.7,1974.51
7405.0,2209.39
7400.0,2107.17
7395.6,2115.41
7391.1,2089.81
7386.7,2126.05
7382.1,2112.31
7377.6,2050.93
7373.5,1983.34
7369.6,1712.46
7367.2,1596.12
7365.4,1647.74
7363.3,1678.83
7361.0,1605.28
7359.2,1422.48
7358.2,1211.29
7358.4,1010.38
7359.6,111.29
7365.4,386.77
7369.8,453.31
7378.6,614.09
7388.2,818.7
7398.8,487.16
7407.8,45.58
7414.0,148.95
7419.7,774.0
7430.2,576.83
7439.7,512.8
7448.9,177.03
7456.3,423.99
7465.1,538.16
7474.4,597.05
7484.1,1260.32
7497.2,1272.86
7510.4,1209.48
7523.3,1139.68
7535.9,736.56
7546.4,1007.41
7558.3,996.5
7570.2,1168.83
7583.0,551.92
7592.7,83.1
7599.9,186.14
7607.6,195.63
7615.5,382.79
7624.3,307.04
7632.7,7.91
7639.6,380.78
7648.4,269.18
7656.7,516.36
7666.2,571.68
7676.1,1017.5
7688.3,1171.17
7701.3,1277.69
7714.9,1612.58
7730.3,1345.88
7744.3,1537.4
7759.4,1771.95
7775.7,2433.68
7795.6,2873.03
7817.8,2996.68
7840.8,3176.7
7864.8,3901.6
7892.7,5039.85
7926.8,3206.05
7951.3,4423.05
7982.4,3907.98
8010.8,2726.93
8033.1,2545.62
8054.4,2751.0
8077.0,3907.76
8105.8,3054.69
8130.2,2824.96
8153.4,3078.64
8178.0,3299.01
8204.0,4109.08
8234.5,4352.28
8266.4,3833.5
8295.6,3057.27
8320.7,3483.27
8348.2,3040.9
8373.4,1813.56
8391.9,2481.6
8414.2,983.52
8428.2,1246.08
8443.8,2194.76
8464.6,2071.15
8484.8,2280.1
8506.2,2081.21
8526.5,1797.12
8545.4,1298.9
8561.5,1210.67
8577.2,1297.97
8593.4,1255.25
8609.4,864.59
8623.2,906.8
8637.3,864.03
8651.2,937.93
8665.6,1419.1
8682.7,1724.47
8701.5,1828.05
8720.9,2093.67
8741.9,2238.33
8763.7,3024.29
8790.0,2675.67
8814.5,3146.32
8841.7,3154.71
8869.0,2987.64
8895.5,2386.72
8918.7,2648.14
8943.4,2442.86
8967.0,1891.12
8987.6,1029.36
9003.3,1298.87
9020.7,1338.74
9038.2,1176.32
9054.9,1262.7
9072.1,1845.16
9092.7,1667.86
9112.3,1017.1
9128.3,983.68
9144.1,1261.71
9161.5,982.3
9177.4,957.66
9193.1,1167.18
9210.1,961.85
9226.0,491.82
9239.2,245.35
9251.0,326.99
9263.3,337.6
9275.7,494.09
9289.0,1097.64
9305.7,1315.59
9323.8,1260.36
9341.5,1236.3
9359.2,958.27
9375.3,1111.91
9392.4,1013.91
9408.9,904.76
9424.8,676.23
9439.4,719.92
9454.3,965.86
9470.7,893.2
9486.7,874.63
9502.6,807.83
9518.1,747.53
9533.3,657.06
9548.1,609.49
9562.6,713.28
9577.7,595.41
9592.2,387.29
9605.5,427.55
9619.0,64.38
9630.5,1076.89
9635.5,1203.27
9639.8,1584.16
9641.9,1448.0
9644.7,1419.7
9647.7,1590.96
9649.8,1342.06
9653.2,1330.28
9656.8,1274.77
9660.6,1424.43
9663.6,1508.12
9666.1,1518.41
9668.5,1798.76
9669.4,1457.38
9672.2,1482.2
9674.8,1086.88
9679.7,1092.8
9684.5,1414.77
9687.6,1379.59
9690.8,1407.04
9693.8,1340.26
9697.3,1535.14
9699.6,1697.09
9701.1,1624.32
9702.9,1748.75
9704.1,1744.06
9705.2,1474.14
9707.9,1485.38
9710.5,1683.74
9712.0,2242.44
9710.4,2278.52
9708.6,1041.81
9713.6,453.8
9721.9,170.36
9731.7,512.94
9739.7,306.35
9748.8,584.18
9756.4,608.42
9763.9,510.91
9771.9,470.72
9780.2,574.04
9787.9,369.85
9796.7,486.51
9804.9,461.56
9813.2,608.96
9820.7,1054.66
9825.8,1016.39
9831.1,793.98
9837.6,1119.79
9842.3,1040.78
9847.5,1085.08
9852.4,1220.08
9856.6,1398.91
9859.8,1377.1
9863.2,1359.27
9866.6,1690.61
9868.2,1747.4
9869.5,1787.69
9870.6,2253.53
9869.1,2582.75
9865.9,2541.87
9862.9,2955.5
9857.6,2727.35
9853.6,2689.97
9849.7,2325.87
9847.8,2416.8
9845.4,2087.93
9844.8,2287.08
9843.1,2440.41
9840.6,2531.01
9837.6,2540.83
9834.5,2641.65
9830.9,2434.93
9828.3,2281.11
9826.6,2321.77
9824.7,2302.31
9822.8,2485.38
9820.0,2599.24
9816.6,2614.29
9813.1,2623.94
9809.5,2557.63
9806.3,2738.56
9802.1,2690.96
9798.2,2918.66
9793.1,3180.98
9786.5,2502.21
9783.6,2632.74
9779.9,2589.73
9776.5,2633.3
9772.8,2258.39
9771.1,2449.02
9768.3,2517.61
9765.2,2572.48
9761.9,2567.5
9758.5,2514.57
9755.4,2454.33
9752.6,2367.24
9750.3,2530.7
9747.1,2578.79
9743.7,2568.02
9740.3,2795.97
9735.7,2409.35
9733.1,2385.21
9730.6,2379.03
9728.2,1968.96
9727.8,1562.33
9729.5,1686.85
9730.6,1912.68
9730.5,1545.84
9732.2,1710.71
9733.1,1559.13
9734.8,1629.56
9736.2,893.78
9741.2,927.31
9746.0,1023.97
9750.4,850.06
9755.7,844.85
9761.0,1057.64
9765.2,1138.73
9769.0,1046.74
9773.3,1114.36
9777.2,1389.09
9779.8,1351.63
9782.5,1455.14
9784.7,1196.28
9788.2,892.42
9793.3,407.61
9800.7,520.89
9807.6,305.23
9815.6,481.83
9822.7,444.61
9830.0,515.44
9836.9,674.76
9843.1,680.96
9849.2,234.3
9857.6,101.94
9866.6,59.06
9875.8,31.32
9885.5,276.91
9896.5,41.71
9905.8,369.58
9917.2,437.1
9929.0,313.43
9940.2,428.33
9951.9,47.73
9961.3,23.63
9970.8,266.87
9979.2,201.45
9989.9,385.18
9997.6,390.74
10005.4,308.82
10013.6,343.97
10021.6,32.21
10031.1,367.35
10039.0,729.85
10045.1,1259.58
10048.7,1243.98
10052.3,1339.95
10055.4,1521.23
10057.6,1144.78
10061.7,1148.88
10065.7,1311.36
10069.0,1310.1
10072.3,1004.91
10077.0,921.11
10082.2,1183.57
10086.1,2046.72
10085.8,2153.86
10084.9,2199.44
10083.8,2147.15
10083.0,5252.79
10067.1,4458.07
10055.0,4888.74
10040.9,4692.46
10027.7,5001.35
10013.0,4655.39
9999.9,4589.67
9987.2,3792.0
9978.4,3751.96
9969.7,3779.85
9960.8,4138.18
9950.3,3448.14
9943.0,3174.51
9937.0,3238.54
9930.7,3166.95
9924.8,3555.71
9917.0,3656.05
9908.7,4023.29
9898.7,3493.41
9891.2,3462.92
9883.9,3231.03
9877.6,3068.49
9872.0,3130.33
9866.2,2994.51
9861.0,3083.56
9855.4,2512.2
9852.4,2646.85
9848.8,2483.77
9846.0,2552.31
9842.8,2969.56
9837.7,2946.1
9832.7,2917.33
9827.9,2970.24
9822.7,2950.75
9817.7,3193.9
9811.6,2699.33
9807.7,2772.81
9803.4,2544.04
9800.3,2670.26
9796.5,2956.26
9791.4,2938.88
9786.4,2655.41
9782.7,2305.1
9780.6,2273.52
9778.6,2229.08
9776.8,2077.53
9775.6,1984.94
9774.9,2009.57
9774.1,996.47
9777.9,1149.13
9780.9,956.24
9784.8,810.98
9789.4,885.45
9793.7,907.77
9797.8,766.84
9802.6,631.81
9808.0,194.48
9817.1,4.7
9825.3,297.91
9832.2,1077.74
9835.6,1218.35
9838.4,1023.87
9842.1,536.17
9847.9,57.59
9855.9,552.31
9861.7,476.0
9867.8,198.4
9875.2,155.83
9882.7,96.96
9890.5,379.83
9897.1,839.53
9901.6,734.34
9906.6,728.28
9911.7,1180.97
9914.7,1015.04
9918.5,1075.65
9921.9,724.36
9927.0,357.79
9933.7,507.72
9939.7,241.6
9946.9,496.06
9952.9,251.33
9962.3,436.73
9968.7,310.66
9975.6,181.04
9983.1,359.35
9989.8,319.37
9996.7,242.85
10003.9,221.31
10011.3,236.15
10018.5,126.37
10026.3,739.88
10031.4,571.43
10037.2,563.7
10043.0,712.93
10048.2,621.5
10053.8,527.8
10059.9,605.09
10065.5,685.47
10070.9,770.75
10075.8,718.37
10081.0,796.22
10085.9,394.0
10092.5,471.01
10098.8,822.22
10103.5,862.65
10108.1,953.65
10112.3,1108.07
10115.8,988.33
10119.8,934.45
10124.1,990.13
10128.1,891.72
10132.6,1044.62
10136.3,1063.88
10140.0,1008.69
10144.0,1054.91
10147.7,798.79
10152.6,896.37
10157.0,716.93
10162.2,924.16
10166.6,879.2
10171.1,935.14
10175.4,879.5
10179.9,941.77
10184.1,929.58
10188.4,994.89
10192.4,1061.4
10196.2,1042.01
10200.0,1025.29
10203.9,989.24
10207.9,1044.03
10211.8,819.14
10216.5,679.1
10221.9,608.79
10227.6,676.32
10233.0,525.5
10239.1,300.27
10246.1,796.3
10257.8,677.14
10269.1,833.57
10281.0,833.93
10292.9,1050.98
10305.8,1517.89
10320.7,757.07
10332.4,910.17
10344.7,849.55
10356.8,1393.48
10371.3,1401.64
10385.8,1219.8
10399.5,1368.1
10413.9,1270.16
10427.9,1465.13
10442.8,949.63
10455.5,1117.61
10468.9,1308.53
10483.1,1291.28
10497.3,1376.68
10511.9,1402.11
10526.6,1767.12
10542.9,1426.63
10557.8,1176.2
10571.6,1294.22
10585.9,936.9
10598.7,1084.74
10612.2,1040.82
10625.5,1138.43
10639.3,698.1
10651.1,816.27
10663.5,638.51
10675.2,859.55
10687.8,793.84
10700.1,1007.68
10713.4,946.17
10726.4,1196.85
10740.5,656.94
10752.4,564.89
10759.0,291.11
10766.7,607.08
10773.2,518.27
10780.0,412.26
10787.2,665.68
10793.4,565.57
10800.0,447.34
10807.2,411.76
10814.4,367.96
10821.9,491.13
10828.9,154.26
10837.3,51.68
10846.1,102.33
10855.6,88.29
10865.1,66.69
10874.5,206.93
10884.5,35.15
10893.7,463.24
10900.9,368.68
10908.4,673.92
10914.7,182.27
10923.1,230.26
10931.2,198.8
10939.5,165.26
10948.0,255.67
10956.0,115.2
10964.7,186.78
10973.1,353.86
10980.8,405.74
10988.2,436.43
10995.6,322.14
11003.4,214.84
11011.7,407.96
11019.2,348.4
11026.9,103.6
11035.7,27.49
11045.0,257.67
11055.4,321.21
11066.0,474.04
11077.2,351.04
11088.0,343.32
11098.7,405.03
11109.7,217.87
11119.9,246.61
11130.3,377.9
11141.2,616.96
11153.2,772.26
11165.8,1665.76
11182.2,1808.05
11199.2,1745.32
11216.0,1912.46
11233.5,1803.27
11250.6,1825.77
11267.8,2383.67
11287.3,2001.7
11305.3,2153.36
11324.0,2240.72
11343.1,2467.22
11363.1,2395.78
11382.9,2192.27
11401.9,2621.41
11422.7,2732.89
11444.0,4147.39
11471.3,4124.47
11498.6,3341.24
11522.6,3968.0
11549.4,3779.13
11575.4,3741.64
11601.2,4107.45
11628.7,4666.87
11658.6,4680.73
11688.7,4402.37
11717.6,4250.56
11745.9,4979.25
11777.4,5902.32
11812.9,5985.55
11848.8,5971.77
11884.7,6802.75
11924.3,6775.45
11963.9,6458.38
12002.1,6396.81
12040.3,7132.22
12081.6,6658.2
12121.1,5030.34
12153.6,4985.27
12186.0,5546.42
12220.9,5970.7
12257.7,7452.03
12300.9,6491.62
12340.1,6886.87
12381.1,7073.44
12423.0,6247.49
12461.4,6693.66
12501.8,6875.86
12543.1,6638.31
12583.4,5735.47
12619.9,5934.25
12657.4,5590.36
12693.4,5335.96
12728.5,6074.94
12766.7,6397.78
12806.5,6470.09
12846.6,6593.15
12887.3,8492.18
12936.3,9911.16
12991.5,10159.29
13047.9,10822.02
13107.2,10383.38
13164.8,9580.68
13219.0,10605.99
13277.7,9975.67
13333.8,10381.73
13391.7,11301.88
13453.7,12989.51
13523.1,12723.48
13591.4,13445.29
13662.9,13713.47
13735.6,15120.99
13814.4,15168.16
13893.5,15500.25
13974.0,18221.46
14066.2,18934.58
14161.3,17873.73
14252.0,19794.67
14350.6,22509.81
14460.6,25025.44
14580.8,26089.45
14705.0,25535.72
14826.4,23413.69
14938.5,20606.44
15038.6,18973.22
15131.7,22261.43
15237.5,23920.97
15349.1,21479.42
15450.3,20614.9
15547.3,20245.71
15642.2,20990.15
15739.1,20281.03
15832.4,19706.58
15922.6,14875.28
15994.5,17007.88
16073.4,16026.34
16148.2,16128.64
16222.5,16020.76
16295.8,16246.0
16369.1,14050.07
16434.2,16968.97
16508.2,17806.06
16583.9,17734.2
16658.2,16478.26
16727.5,16795.4
16796.7,18732.96
16870.3,20805.95
16948.2,20053.89
17022.2,21256.41
17097.4,22225.86
17172.7,21755.4
17244.5,29119.8
17329.8,29259.78
17410.5,27467.67
17482.9,30530.48
17555.6,29915.8
17621.2,29563.99
17680.3,31040.07
17734.4,30217.45
17780.7,31379.4
17820.3,34297.93
17851.9,33756.25
17873.5,38043.0
17882.0,38119.2
17876.4,39611.46
17853.9,36269.5
17821.4,31059.03
17787.2,32837.64
17737.9,29062.52
17688.8,28651.51
17632.2,28523.67
17567.2,27546.72
17497.7,32120.73
17398.0,30958.04
17292.5,33185.2
17162.8,31286.11
17032.2,31829.18
16886.5,31995.09
16727.7,34442.0
16537.1,35762.23
16320.4,38561.12
16060.9,39936.33
15767.6,41996.4
15429.6,41823.68
15069.5,46189.23
14627.6,44505.87
14179.1,41575.62
13749.3,43123.08
13273.2,45639.8
12730.1,44935.8
12174.6,45900.5
11576.8,46509.0
10942.8,46468.37
10287.5,43917.46
9674.0,44803.46
9025.2,43483.03
8399.3,43016.62
7778.7,47295.77
7029.0,48834.93
6223.0,49560.71
5384.9,52242.77
4449.7,54280.43
3434.2,55301.05
2373.3,56363.62
1266.3,57765.02
100.5,56975.99
-1029.1,59235.65
-2251.5,61305.6
-3560.4,61580.86
-4868.2,60815.47
-6115.8,64164.39
-7514.6,65617.18
-8963.6,68737.6
-10557.8,70522.67
-12219.3,72054.04
-13929.3,77483.74
-15942.8,78911.92
-17992.7,81245.33
-20137.8,81593.78
-22223.6,82310.69
-24268.5,80519.98
-26060.1,81763.24
-27845.4,84353.31
-29737.2,83546.0
-31428.8,83160.51
-32958.7,84111.83
-34453.4,84563.93
-35865.1,84940.68
-37188.5,91245.14
-39012.7,94084.16
-40966.0,95850.1
-42929.4,96513.55
-44781.9,102578.52
-47118.5,104976.0
-49503.8,106114.26
-51785.5,108998.83
-54173.0,107414.72
-56111.3,113584.53
-58593.6,115021.76
-60978.0,118358.27
-63516.8,122445.61
-66298.2,124578.93
-69032.0,124915.5
-71463.3,128213.3
-74042.3,123049.39
-75508.1,125210.37
-77070.8,126993.32
-78661.7,125398.28
-79764.3,126205.94
-80809.6,124405.84
-81405.2,124317.39
-81880.3,118844.57
-81427.9,122212.22
-81549.9,118830.25
-81124.1,118652.4
-80728.0,115482.54
-79906.6,118635.19
-79678.1,118088.6
-79391.6,118657.64
-79222.5,117667.79
-78920.6,114610.22
-78203.5,112851.17
-77332.3,113016.89
-76612.3,113922.84
-76124.0,112786.64
-75536.8,113122.04
-75076.3,114264.89
-74836.2,111721.71
-74261.3,109791.68
-73492.3,109308.47
-72762.5,106277.37
-71715.2,105165.39
-70665.6,108003.96
-70146.5,106851.07
-69537.3,106850.48
-69005.8,104500.7
-68229.1,107295.92
-67922.0,108447.8
-67798.3,107986.86
-67619.9,105944.77
-67188.5,105256.54
-66717.4,102447.22
-65939.7,101463.87
-65136.3,100728.65
-64343.0,96029.55
-63062.5,95510.09
-61890.6,95565.26
-60880.0,95519.38
-59993.0,91633.58
-58752.5,90913.41
-57587.8,92232.25
-56724.2,91180.87
-55843.1,91690.8
-55125.6,90172.96
-54318.2,87855.08
-53344.5,87201.36
-52413.9,87102.88
-51581.2,86890.5
-50819.9,84567.87
-49893.1,84104.11
-49022.5,82861.54
-48118.2,80995.61
-47120.4,80938.92
-46228.9,79744.47
-45313.1,79540.74
-44476.4,77634.65
-43538.7,76225.26
-42562.9,75377.51
-41609.3,73347.89
-40561.8,71983.05
-39496.7,71017.36
-38454.1,70237.59
-37448.4,68264.34
-36366.6,66156.84
-35207.9,67325.96
-34271.5,66569.39
-33361.0,66942.63
-32570.5,66849.84
-31845.6,67210.8
-31216.8,68534.94
-30753.7,70159.65
-30463.2,70465.73
-30218.0,70223.93
-29968.1,72182.25
-29895.7,71554.76
-29770.7,69771.16
-29503.0,68696.94
-29164.7,67302.7
-28737.1,68487.24
-28437.9,69319.9
-28225.8,71051.75
-28164.9,72799.03
-28242.6,72058.74
-28246.6,74580.06
-28446.4,74054.77
-28579.3,74190.76
-28704.4,73122.18
-28724.7,76558.68
-29014.8,76126.99
-29237.7,76294.11
-29447.7,75430.25
-29561.4,74209.97
-29557.6,74335.46
-29556.7,76291.35
-29708.6,79036.35
-30065.4,78997.42
-30381.2,79716.88
-30721.9,80245.4
-31069.7,78814.28
-31260.0,80232.09
-31544.5,78507.3
-31651.2,80708.06
-31925.7,80823.35
-32177.8,80984.58
-32413.2,79487.97
-32492.5,79648.37
-32570.1,81432.86
-32784.2,82113.21
-33029.1,83064.43
-33325.3,83272.68
-33604.7,85373.76
-34032.2,86709.6
-34529.5,81338.67
-34506.5,80584.88
-34411.7,80780.39
