日期(月/日/年),比特币价值,是否可以买卖黄金,黄金价值
9/11/16,621.65,1
9/12/16,609.67,0,1324.6
9/13/16,610.92,0,1323.65
9/14/16,608.82,0,1321.75
9/15/16,610.38,0,1310.8
9/16/16,609.11,0,1308.35
9/17/16,607.04,1
9/18/16,611.58,1
9/19/16,610.19,0,1314.85
9/20/16,608.66,0,1313.8
9/21/16,598.88,0,1326.1
9/22/16,597.42,0,1339.1
9/23/16,594.08,0,1338.65
9/24/16,603.88,1
9/25/16,601.74,1
9/26/16,598.98,0,1340.5
9/27/16,605.96,0,1327.0
9/28/16,605.67,0,1322.5
9/29/16,603.85,0,1318.1
9/30/16,609.39,0,1322.5
10/1/16,614.82,1
10/2/16,612.98,1
10/3/16,611.85,0,1313.3
10/4/16,609.62,0,1283.3
10/5/16,607.18,0,1269.4
10/6/16,612.08,0,1254.5
10/7/16,617.21,0,1258.75
10/8/16,614.74,1
10/9/16,615.65,1
10/10/16,617.54,0,1259.5
10/11/16,614.77,0,1253.45
10/12/16,635.01,0,1256.5
10/13/16,635.96,0,1261.05
10/14/16,634.02,0,1251.75
10/15/16,637.94,1
10/16/16,641.42,1
10/17/16,638.97,0,1254.8
10/18/16,636.29,0,1258.2
10/19/16,629.25,0,1269.05
10/20/16,627.72,0,1271.65
10/21/16,631.92,0,1266.05
10/22/16,655.48,1
10/23/16,653.25,1
10/24/16,651.39,0,1265.55
10/25/16,655.31,0,1269.4
10/26/16,651.45,0,1270.5
10/27/16,682.22,0,1266.25
10/28/16,687.68,0,1273.0
10/29/16,685.91,1
10/30/16,698.0,1
10/31/16,702.0,0,1272.0
11/1/16,697.01,0,1288.45
11/2/16,733.33,0,1303.75
11/3/16,686.17,0,1301.0
11/4/16,683.69,0,1302.8
11/5/16,704.79,1
11/6/16,712.0,1
11/7/16,709.96,0,1283.05
11/8/16,708.97,0,1282.35
11/9/16,720.93,0,1281.4
11/10/16,721.5,0,1267.5
11/11/16,715.45,0,1236.45
11/12/16,703.71,1
11/13/16,702.28,1
11/14/16,706.46,0,1213.6
11/15/16,710.91,0,1226.95
11/16/16,711.73,0,1229.2
11/17/16,736.96,0,1226.75
11/18/16,747.52,0,1211.0
11/19/16,748.98,1
11/20/16,729.06,1
11/21/16,738.53,0,1214.25
11/22/16,736.97,0,1212.25
11/23/16,741.63,0,1185.35
11/24/16,737.45,0,1186.1
11/25/16,735.64,0,1187.7
11/26/16,733.67,1
11/27/16,727.96,1
11/28/16,727.31,0,1187.0
11/29/16,732.71,0,1186.55
11/30/16,742.69,0,1178.1
12/1/16,742.05,0,1161.85
12/2/16,772.43,0,1173.5
12/3/16,764.33,1
12/4/16,762.97,1
12/5/16,754.63,0,1162.2
12/6/16,756.62,0,1172.5
12/7/16,758.99,0,1177.65
12/8/16,769.72,0,1171.05
12/9/16,770.02,0,1163.6
12/10/16,769.08,1
12/11/16,777.0,1
12/12/16,777.0,0,1156.1
12/13/16,777.99,0,1158.55
12/14/16,774.89,0,1162.25
12/15/16,776.75,0,1126.95
12/16/16,775.88,0,1131.6
12/17/16,788.7,1
12/18/16,788.4,1
12/19/16,788.67,0,1136.25
12/20/16,793.09,0,1125.7
12/21/16,824.21,0,1133.65
12/22/16,834.97,0,1131.35
12/23/16,901.31,1
12/24/16,891.61,1
12/25/16,892.6,1
12/26/16,897.33,1
12/27/16,930.37,1
12/28/16,930.34,0,1134.6
12/29/16,963.38,0,1145.9
12/30/16,952.15,1
12/31/16,958.12,1
1/1/17,997.72,1
1/2/17,1015.97,1
1/3/17,1013.42,0,1151.0
1/4/17,1126.76,0,1164.25
1/5/17,994.67,0,1176.7
1/6/17,999.65,0,1175.85
1/7/17,896.83,1
1/8/17,908.14,1
1/9/17,910.49,0,1178.5
1/10/17,906.05,0,1189.5
1/11/17,785.22,0,1178.55
1/12/17,780.92,0,1205.05
1/13/17,826.29,0,1190.35
1/14/17,817.91,1
1/15/17,819.55,1
1/16/17,830.5,0,1203.0
1/17/17,903.84,0,1216.05
1/18/17,906.6,0,1214.75
1/19/17,895.798875,0,1196.05
1/20/17,893.6210875,0,1200.55
1/21/17,895.64,1
1/22/17,918.603625,1
1/23/17,922.0736125,0,1212.85
1/24/17,919.97,0,1216.8
1/25/17,893.045625,0,1195.0
1/26/17,915.95625,0,1189.7
1/27/17,915.05,0,1184.85
1/28/17,920.31225,1
1/29/17,915.933,1
1/30/17,912.19,0,1192.8
1/31/17,964.706075,0,1212.8
2/1/17,979.703875,0,1203.65
2/2/17,983.42,0,1221.95
2/3/17,1013.027,0,1215.2
2/4/17,1030.999413,1
2/5/17,1034.07,1
2/6/17,1024.01375,0,1226.75
2/7/17,1050.11,0,1231.0
2/8/17,1052.84,0,1242.1
2/9/17,976.103,0,1236.8
2/10/17,999.1035,0,1228.3
2/11/17,997.59,1
2/12/17,1000.604625,1
2/13/17,999.877375,0,1222.25
2/14/17,1001.2,0,1230.75
2/15/17,1012.325988,0,1224.4
2/16/17,1035.208125,0,1240.55
2/17/17,1035.2,0,1241.95
2/18/17,1056.637138,1
2/19/17,1052.779286,1
2/20/17,1050.87,0,1237.3
2/21/17,1123.788429,0,1233.2
2/22/17,1123.223188,0,1236.65
2/23/17,1130.01,0,1247.9
2/24/17,1174.86625,0,1253.65
2/25/17,1150.605714,1
2/26/17,1150.37,1
2/27/17,1190.75195,0,1257.2
2/28/17,1187.565286,0,1255.6
3/1/17,1190.89,0,1240.4
3/2/17,1259.410817,0,1238.1
3/3/17,1285.14,0,1226.5
3/4/17,1287.0,1
3/5/17,1270.9333,1
3/6/17,1275.197375,0,1230.95
3/7/17,1279.5,0,1216.65
3/8/17,1157.3933,0,1209.2
3/9/17,1192.469143,0,1206.55
3/10/17,1192.09,0,1202.65
3/11/17,1179.159875,1
3/12/17,1227.494625,1
3/13/17,1227.68,0,1204.2
3/14/17,1245.370786,0,1204.6
3/15/17,1257.399625,0,1198.8
3/16/17,1257.0,0,1229.35
3/17/17,1091.171888,0,1229.6
3/18/17,952.2323625,1
3/19/17,967.69,1
3/20/17,1049.084488,0,1232.4
3/21/17,1118.630043,0,1241.6
3/22/17,1113.0,0,1249.05
3/23/17,1038.789,0,1247.5
3/24/17,941.9197143,0,1247.5
3/25/17,927.93,1
3/26/17,956.7863125,1
3/27/17,1037.22925,0,1257.55
3/28/17,1041.04,0,1257.25
3/29/17,1040.5755,0,1251.1
3/30/17,1037.90455,0,1248.8
3/31/17,1034.74,0,1244.85
4/1/17,1086.929571,1
4/2/17,1099.169125,1
4/3/17,1079.99,0,1247.25
4/4/17,1141.600363,0,1257.65
4/5/17,1133.079314,0,1245.8
4/6/17,1133.53,0,1252.5
4/7/17,1190.45425,0,1266.45
4/8/17,1181.149838,1
4/9/17,1184.03,1
4/10/17,1207.744875,0,1250.05
4/11/17,1226.617038,0,1252.9
4/12/17,1219.09,0,1274.3
4/13/17,1180.023713,0,1284.15
4/14/17,1185.260057,1
4/15/17,1170.36,1
4/16/17,1186.927413,1
4/17/17,1205.634875,1
4/18/17,1176.97,0,1278.95
4/19/17,1217.930088,0,1279.05
4/20/17,1241.686325,0,1282.1
4/21/17,1236.63,0,1281.85
4/22/17,1261.311225,1
4/23/17,1257.988113,1
4/24/17,1240.84,0,1269.4
4/25/17,1279.414688,0,1267.8
4/26/17,1309.109875,0,1261.85
4/27/17,1288.02,0,1262.8
4/28/17,1331.294429,0,1266.45
4/29/17,1334.979038,1
4/30/17,1333.0,1
5/1/17,1417.172813,1
5/2/17,1452.076288,0,1255.45
5/3/17,1447.55,0,1250.3
5/4/17,1508.292125,0,1228.45
5/5/17,1533.335071,0,1228.05
5/6/17,1518.75,1
5/7/17,1535.868429,1
5/8/17,1640.619225,0,1229.8
5/9/17,1651.1,0,1220.4
5/10/17,1762.88625,0,1222.95
5/11/17,1820.990563,0,1223.15
5/12/17,1829.0,0,1231.25
5/13/17,1771.920013,1
5/14/17,1776.3165,1
5/15/17,1780.0,0,1233.3
5/16/17,1739.031975,0,1234.2
5/17/17,1807.485063,0,1257.4
5/18/17,1783.98,0,1255.9
5/19/17,1961.520488,0,1252.0
5/20/17,2052.909788,1
5/21/17,2008.84,1
5/22/17,2090.662313,0,1258.85
5/23/17,2287.710288,0,1260.2
5/24/17,2256.32,0,1252.55
5/25/17,2387.206286,0,1256.95
5/26/17,2211.976857,0,1265.05
5/27/17,2279.82,1
5/28/17,2192.9808,1
5/29/17,2275.9307,1
5/30/17,2290.02,0,1262.7
5/31/17,2285.933914,0,1266.2
6/1/17,2399.242671,0,1264.85
6/2/17,2409.93,0,1274.95
6/3/17,2525.765158,1
6/4/17,2516.173143,1
6/5/17,2529.53,0,1279.95
6/6/17,2883.313697,0,1293.5
6/7/17,2664.920863,0,1291.0
6/8/17,2683.03,0,1273.1
6/9/17,2827.4913,0,1266.55
6/10/17,2845.372857,1
6/11/17,2898.63,1
6/12/17,2657.675063,0,1266.4
6/13/17,2748.185086,0,1262.0
6/14/17,2706.0,0,1275.5
6/15/17,2442.48025,0,1254.55
6/16/17,2464.959814,0,1255.4
6/17/17,2477.94,1
6/18/17,2507.389252,1
6/19/17,2617.210263,0,1248.15
6/20/17,2600.0,0,1242.2
6/21/17,2671.04325,0,1242.5
6/22/17,2727.288013,0,1250.8
6/23/17,2713.48,0,1255.7
6/24/17,2589.164888,1
6/25/17,2512.366286,1
6/26/17,2502.03,0,1245.25
6/27/17,2517.903114,0,1249.55
6/28/17,2585.349186,0,1248.0
6/29/17,2558.3,0,1243.5
6/30/17,2477.641375,0,1242.25
7/1/17,2501.191343,1
7/2/17,2421.26,1
7/3/17,2561.225429,0,1229.25
7/4/17,2599.729838,0,1223.75
7/5/17,2598.89,0,1220.3
7/6/17,2609.96775,0,1224.9
7/7/17,2491.201214,0,1215.65
7/8/17,2502.86,1
7/9/17,2536.238938,1
7/10/17,2366.170143,0,1211.9
7/11/17,2327.09,0,1211.05
7/12/17,2385.748571,0,1218.8
7/13/17,2354.783417,0,1218.9
7/14/17,2338.49,0,1230.3
7/15/17,2058.9956,1
7/16/17,1931.2143,1
7/17/17,1910.96,0,1234.1
7/18/17,2320.12225,0,1240.75
7/19/17,2264.7657,0,1242.15
7/20/17,2265.21,0,1238.7
7/21/17,2682.195363,0,1248.55
7/22/17,2807.609857,1
7/23/17,2825.51,1
7/24/17,2751.821029,0,1255.55
7/25/17,2560.997917,0,1254.4
7/26/17,2564.3,0,1248.1
7/27/17,2647.625,0,1261.1
7/28/17,2781.636583,0,1264.9
7/29/17,2784.8,1
7/30/17,2745.955417,1
7/31/17,2866.431667,0,1267.55
8/1/17,2862.9,0,1270.95
8/2/17,2693.633983,0,1269.6
8/3/17,2794.117717,0,1268.1
8/4/17,2790.0,0,1257.7
8/5/17,3218.115017,1
8/6/17,3252.562533,1
8/7/17,3210.2,0,1258.0
8/8/17,3457.374333,0,1261.8
8/9/17,3357.326317,0,1271.05
8/10/17,3340.28,0,1284.4
8/11/17,3632.506667,0,1286.1
8/12/17,3852.802914,1
8/13/17,3868.52,1
8/14/17,4282.992,0,1282.3
8/15/17,4217.028329,0,1270.3
8/16/17,4179.97,0,1272.75
8/17/17,4328.725717,0,1285.15
8/18/17,4130.440067,0,1295.8
8/19/17,4104.71,1
8/20/17,4157.958033,1
8/21/17,4043.722,0,1292.9
8/22/17,3986.28,0,1284.2
8/23/17,4174.95,0,1286.65
8/24/17,4340.316717,0,1289.0
8/25/17,4331.77,0,1285.3
8/26/17,4360.513317,1
8/27/17,4354.308333,1
8/28/17,4339.05,1
8/29/17,4607.98545,0,1318.65
8/30/17,4594.98785,0,1308.5
8/31/17,4582.52,0,1311.75
9/1/17,4911.740017,0,1320.4
9/2/17,4580.38748,1
9/3/17,4585.57,1
9/4/17,4344.098317,0,1333.1
9/5/17,4488.72014,0,1335.55
9/6/17,4385.02,0,1337.85
9/7/17,4654.6585,0,1343.5
9/8/17,4310.750183,0,1346.25
9/9/17,4312.26,1
9/10/17,4329.955,1
9/11/17,4248.090017,0,1334.2
9/12/17,4198.59,0,1326.5
9/13/17,3961.271267,0,1327.55
9/14/17,3319.63,0,1324.55
9/15/17,3216.43,0,1322.85
9/16/17,3763.62604,1
9/17/17,3746.060783,1
9/18/17,3678.53,0,1312.1
9/19/17,3943.413333,0,1309.6
9/20/17,3977.561667,0,1311.3
9/21/17,3894.48,0,1292.1
9/22/17,3637.50255,0,1294.8
9/23/17,3776.3869,1
9/24/17,3777.62,1
9/25/17,3942.555,0,1293.3
9/26/17,3910.307383,0,1300.05
9/27/17,3881.0,0,1282.55
9/28/17,4201.98905,0,1283.35
9/29/17,4193.574667,0,1283.1
9/30/17,4164.27,1
10/1/17,4360.722967,1
10/2/17,4386.88375,0,1273.7
10/3/17,4394.07,0,1271.25
10/4/17,4225.175,0,1274.25
10/5/17,4338.852,0,1274.5
10/6/17,4318.58,0,1261.8
10/7/17,4376.191667,1
10/8/17,4602.280883,1
10/9/17,4605.66,0,1278.75
10/10/17,4782.28,0,1291.4
10/11/17,4819.485767,0,1289.25
10/12/17,4822.17,0,1290.25
10/13/17,5563.806567,0,1299.6
10/14/17,5739.438733,1
10/15/17,5825.99,1
10/16/17,5711.205867,0,1303.3
10/17/17,5603.71294,0,1284.75
10/18/17,5594.66,0,1280.2
10/19/17,5727.6335,0,1286.4
10/20/17,5979.45984,0,1281.2
10/21/17,5986.44,1
10/22/17,5983.18455,1
10/23/17,5876.079867,0,1274.9
10/24/17,5900.59,0,1276.45
10/25/17,5669.622533,0,1275.0
10/26/17,5893.138417,0,1273.75
10/27/17,5889.82,0,1266.45
10/28/17,5776.69695,1
10/29/17,6155.43402,1
10/30/17,6136.49,0,1272.0
10/31/17,6388.645167,0,1270.15
11/1/17,6665.306683,0,1277.05
11/2/17,6751.98,0,1279.2
11/3/17,7197.72006,0,1267.2
11/4/17,7437.543317,1
11/5/17,7365.99,1
11/6/17,6989.071667,0,1270.9
11/7/17,7092.127233,0,1275.6
11/8/17,7128.64,0,1284.0
11/9/17,7158.03706,0,1284.8
11/10/17,6719.39785,0,1284.3
11/11/17,6569.22,1
11/12/17,5716.301583,1
11/13/17,6550.227533,0,1277.95
11/14/17,6493.63,0,1274.6
11/15/17,7301.42992,0,1282.2
11/16/17,7815.0307,0,1280.0
11/17/17,7868.77,0,1284.35
11/18/17,7817.140383,1
11/19/17,8007.654067,1
11/20/17,8049.72,0,1286.2
11/21/17,8059.8,0,1283.3
11/22/17,8268.035,0,1286.95
11/23/17,8236.72,0,1290.35
11/24/17,8250.978333,0,1290.5
11/25/17,8707.407267,1
11/26/17,8768.8,1
11/27/17,9718.29505,0,1294.9
11/28/17,9952.50882,0,1291.85
11/29/17,9919.0,0,1283.85
11/30/17,10147.372,0,1280.2
12/1/17,10883.912,0,1275.5
12/2/17,10879.88,1
12/3/17,11332.622,1
12/4/17,11584.83,0,1273.45
12/5/17,11591.22,0,1266.3
12/6/17,13540.98,0,1263.7
12/7/17,16501.97167,0,1255.0
12/8/17,16860.88,0,1250.65
12/9/17,15142.83415,1
12/10/17,14869.805,1
12/11/17,15068.95,0,1247.15
12/12/17,17276.39333,0,1240.9
12/13/17,16808.36667,0,1242.65
12/14/17,16252.31,0,1251.0
12/15/17,17771.9,0,1254.6
12/16/17,19498.68333,1
12/17/17,19279.9,1
12/18/17,18961.85667,0,1260.6
12/19/17,17737.11167,0,1260.35
12/20/17,17382.94,0,1264.55
12/21/17,16047.51,0,1264.55
12/22/17,15190.945,1
12/23/17,13776.61,1
12/24/17,13949.175,1
12/25/17,14119.02833,1
12/26/17,13740.94,1
12/27/17,15589.32167,0,1279.4
12/28/17,14380.58167,0,1291.0
12/29/17,14214.01,1
12/30/17,13215.574,1
12/31/17,14165.575,1
1/1/18,13796.0,1
1/2/18,15005.85667,0,1312.05
1/3/18,15053.26167,0,1314.9
1/4/18,15039.24,0,1314.5
1/5/18,17174.12,0,1317.15
1/6/18,17319.198,1
1/7/18,17155.95,1
1/8/18,15265.90667,0,1319.95
1/9/18,14714.25333,0,1311.0
1/10/18,14437.42,0,1319.75
1/11/18,13296.794,0,1323.05
1/12/18,13912.882,0,1326.8
1/13/18,13791.19,1
1/14/18,13852.92,1
1/15/18,14012.196,0,1339.25
1/16/18,13554.14,0,1333.85
1/17/18,11116.94667,0,1335.65
1/18/18,11345.42333,0,1332.2
1/19/18,11174.82,0,1334.95
1/20/18,12950.79333,1
1/21/18,11505.228,1
1/22/18,11513.42,0,1332.6
1/23/18,11223.064,0,1333.4
1/24/18,11282.25833,0,1353.7
1/25/18,11392.03,0,1354.95
1/26/18,10969.815,0,1353.15
1/27/18,11524.77667,1
1/28/18,11431.37,1
1/29/18,11212.655,0,1343.85
1/30/18,10184.06167,0,1344.9
1/31/18,10082.52,0,1345.05
2/1/18,9083.258333,0,1341.35
2/2/18,8901.901667,0,1331.15
2/3/18,8852.73,1
2/4/18,8400.648333,1
2/5/18,6838.816667,0,1333.6
2/6/18,6925.46,0,1331.4
2/7/18,8099.958333,0,1324.65
2/8/18,8240.536667,0,1315.45
2/9/18,8245.08,0,1314.1
2/10/18,8319.876566,1
2/11/18,8343.455,1
2/12/18,8068.02,0,1322.3
2/13/18,8597.7675,0,1325.35
2/14/18,9334.633333,0,1336.25
2/15/18,9471.64,0,1352.45
2/16/18,10127.16167,0,1352.1
2/17/18,10841.99167,1
2/18/18,11085.83,1
2/19/18,11110.965,0,1346.6
2/20/18,11390.39167,0,1339.85
2/21/18,11245.98,0,1330.5
2/22/18,9931.071667,0,1328.35
2/23/18,10162.11667,0,1327.95
2/24/18,10171.3,1
2/25/18,9696.593333,1
2/26/18,10348.60333,0,1333.5
2/27/18,10319.46,0,1325.75
2/28/18,10370.165,0,1317.85
3/1/18,11009.38167,0,1307.75
3/2/18,10931.12,0,1322.3
3/3/18,11326.94833,1
3/4/18,11430.18167,1
3/5/18,11516.83,0,1320.4
3/6/18,10763.19833,0,1331.4
3/7/18,10118.058,0,1329.4
3/8/18,9920.46,0,1321.0
3/9/18,9089.278333,0,1320.6
3/10/18,8746.002,1
3/11/18,8777.37,1
3/12/18,9182.843333,0,1319.15
3/13/18,9154.7,0,1322.75
3/14/18,9153.54,0,1323.55
3/15/18,8358.121667,0,1318.75
3/16/18,8530.402,0,1310.1
3/17/18,8297.89,1
3/18/18,8171.415,1
3/19/18,8412.033333,0,1312.4
3/20/18,8605.64,0,1311.0
3/21/18,8947.753333,0,1321.35
3/22/18,8690.408333,0,1329.15
3/23/18,8725.37,0,1346.6
3/24/18,8662.378333,1
3/25/18,8617.296667,1
3/26/18,8457.96,0,1352.4
3/27/18,7876.195,0,1341.45
3/28/18,7960.38,0,1332.45
3/29/18,7950.61,0,1323.85
3/30/18,6882.531667,1
3/31/18,6935.48,1
4/1/18,6937.56,1
4/2/18,7035.848333,1
4/3/18,7410.435,0,1333.45
4/4/18,7426.48,0,1337.3
4/5/18,6826.51,0,1327.7
4/6/18,6603.876667,0,1331.2
4/7/18,6634.68,1
4/8/18,7017.656667,1
4/9/18,6699.273333,0,1331.95
4/10/18,6784.41,0,1338.95
4/11/18,6926.266667,0,1350.75
4/12/18,7847.845,0,1341.35
4/13/18,7941.46,0,1343.7
4/14/18,8036.511051,1
4/15/18,8340.748333,1
4/16/18,8368.1,0,1349.35
4/17/18,7895.416926,0,1342.1
4/18/18,8164.937426,0,1351.45
4/19/18,8175.96,0,1348.6
4/20/18,8852.718333,0,1336.75
4/21/18,8807.205,1
4/22/18,8930.6,1
4/23/18,8933.861667,0,1324.3
4/24/18,9555.542,0,1328.85
4/25/18,9658.11,0,1321.65
4/26/18,9258.398333,0,1320.7
4/27/18,9010.32,0,1321.5
4/28/18,8928.55,1
4/29/18,9334.281667,1
4/30/18,9259.57,0,1313.2
5/1/18,9239.55,0,1307.1
5/2/18,9221.426,0,1304.2
5/3/18,9639.268333,0,1315.05
5/4/18,9753.35,0,1309.4
5/5/18,9803.306667,1
5/6/18,9630.136277,1
5/7/18,9631.44,1
5/8/18,9228.608333,0,1306.6
5/9/18,9322.041667,0,1313.85
5/10/18,9310.37,0,1318.8
5/11/18,8468.788,0,1324.35
5/12/18,8484.346667,1
5/13/18,8463.52,1
5/14/18,8652.038333,0,1319.85
5/15/18,8511.458,0,1295.0
5/16/18,8471.06,0,1291.25
5/17/18,8106.118333,0,1289.5
5/18/18,8240.055,0,1288.3
5/19/18,8239.08,1
5/20/18,8507.406667,1
5/21/18,8385.556187,0,1288.35
5/22/18,8396.63,0,1293.05
5/23/18,7555.74,0,1289.0
5/24/18,7566.193333,0,1304.85
5/25/18,7576.78,0,1303.5
5/26/18,7342.908333,1
5/27/18,7361.831667,1
5/28/18,7344.56,1
5/29/18,7459.876667,0,1295.5
5/30/18,7385.395,0,1300.7
5/31/18,7386.72,0,1305.35
6/1/18,7535.146667,0,1294.6
6/2/18,7645.146667,1
6/3/18,7637.14,1
6/4/18,7500.273333,0,1295.45
6/5/18,7615.722142,0,1292.05
6/6/18,7619.43,0,1300.1
6/7/18,7676.271667,0,1297.25
6/8/18,7620.153333,0,1298.25
6/9/18,7615.54,1
6/10/18,6776.888333,1
6/11/18,6875.678333,0,1299.6
6/12/18,6879.31,0,1298.65
6/13/18,6315.7,0,1296.15
6/14/18,6647.013333,0,1302.75
6/15/18,6637.41,0,1285.25
6/16/18,6509.426667,1
6/17/18,6464.411667,1
6/18/18,6445.79,0,1281.55
6/19/18,6737.0,0,1276.15
6/20/18,6714.718333,0,1274.2
6/21/18,6760.83,0,1266.15
6/22/18,6332.573333,0,1269.15
6/23/18,6141.605833,1
6/24/18,6170.46,1
6/25/18,6211.4475,0,1268.7
6/26/18,6218.595,0,1260.3
6/27/18,6097.46,0,1254.6
6/28/18,6107.896154,0,1251.55
6/29/18,5908.7025,0,1250.45
6/30/18,6223.28,1
7/1/18,6374.754167,1
7/2/18,6466.069167,0,1247.8
7/3/18,6626.44,0,1251.75
7/4/18,6593.289167,0,1255.65
7/5/18,6603.376667,0,1255.5
7/6/18,6555.51,0,1255.35
7/7/18,6594.281667,1
7/8/18,6753.559167,1
7/9/18,6724.04,0,1262.05
7/10/18,6510.791667,0,1254.0
7/11/18,6377.363333,0,1251.4
7/12/18,6403.18,0,1245.9
7/13/18,6244.3575,0,1241.7
7/14/18,6241.0,1
7/15/18,6248.84,1
7/16/18,6514.390833,0,1241.1
7/17/18,6869.910833,0,1232.8
7/18/18,7321.62,0,1224.5
7/19/18,7396.401667,0,1217.55
7/20/18,7428.045,0,1228.75
7/21/18,7334.99,1
7/22/18,7451.289167,1
7/23/18,7689.884167,0,1224.95
7/24/18,7715.1,0,1228.35
7/25/18,8251.165,0,1231.5
7/26/18,8187.324167,0,1228.25
7/27/18,7939.81,0,1223.95
7/28/18,8182.251667,1
7/29/18,8206.341667,1
7/30/18,8220.91,0,1223.8
7/31/18,7916.800833,0,1220.95
8/1/18,7570.869167,0,1219.0
8/2/18,7607.7,0,1215.45
8/3/18,7394.499167,0,1216.3
8/4/18,7247.769167,1
8/5/18,7011.28,1
8/6/18,6988.079167,0,1209.65
8/7/18,6993.513333,0,1212.35
8/8/18,6718.23,0,1209.55
8/9/18,6396.7725,0,1214.35
8/10/18,6396.494667,0,1214.4
8/11/18,6138.96,1
8/12/18,6311.131667,1
8/13/18,6347.07,0,1200.35
8/14/18,6252.13,0,1197.0
8/15/18,6362.676923,0,1182.0
8/16/18,6342.629231,0,1180.4
8/17/18,6312.75,0,1178.4
8/18/18,6436.720833,1
8/19/18,6404.063333,1
8/20/18,6486.58,0,1184.35
8/21/18,6401.246154,0,1190.95
8/22/18,6575.229167,0,1196.65
8/23/18,6354.57,0,1192.35
8/24/18,6543.645714,0,1197.7
8/25/18,6719.429231,1
8/26/18,6738.27,1
8/27/18,6719.266154,1
8/28/18,7000.04,0,1212.25
8/29/18,7078.19,0,1204.2
8/30/18,6932.6625,0,1197.3
8/31/18,6981.946154,0,1202.45
9/1/18,7018.78,1
9/2/18,7247.935385,1
9/3/18,7260.949231,0,1200.05
9/4/18,7265.08,0,1190.85
9/5/18,7113.069231,0,1196.7
9/6/18,6433.271667,0,1205.15
9/7/18,6501.19,0,1198.9
9/8/18,6366.1075,1
9/9/18,6286.425833,1
9/10/18,6240.98,0,1196.6
9/11/18,6296.320833,0,1189.85
9/12/18,6273.1375,0,1195.6
9/13/18,6326.04,0,1209.8
9/14/18,6499.0625,0,1201.95
9/15/18,6518.655,1
9/16/18,6522.39,1
9/17/18,6400.600833,0,1201.9
9/18/18,6296.631667,0,1200.2
9/19/18,6342.39,0,1203.3
9/20/18,6418.562667,0,1208.35
9/21/18,6669.990833,0,1198.7
9/22/18,6756.12,1
9/23/18,6710.445,1
9/24/18,6639.304167,0,1202.75
9/25/18,6583.45,0,1201.9
9/26/18,6468.631667,0,1194.25
9/27/18,6535.476667,0,1185.4
9/28/18,6686.08,0,1187.25
9/29/18,6550.474167,1
9/30/18,6593.135,1
10/1/18,6611.02,0,1189.35
10/2/18,6562.641667,0,1204.7
10/3/18,6470.4025,0,1201.2
10/4/18,6483.73,0,1203.45
10/5/18,6568.549167,0,1203.8
10/6/18,6581.486667,1
10/7/18,6573.62,1
10/8/18,6618.567692,0,1186.95
10/9/18,6621.711667,0,1185.55
10/10/18,6626.85,0,1188.6
10/11/18,6248.635833,0,1205.55
10/12/18,6260.530833,0,1219.75
10/13/18,6247.0,1
10/14/18,6299.399167,1
10/15/18,6452.571667,0,1229.95
10/16/18,6599.17,0,1230.7
10/17/18,6596.276154,0,1229.05
10/18/18,6568.040769,0,1223.0
10/19/18,6509.61,0,1227.85
10/20/18,6488.825833,1
10/21/18,6531.601667,1
10/22/18,6504.78,0,1222.3
10/23/18,6481.426,0,1235.95
10/24/18,6508.31,0,1230.55
10/25/18,6489.77,0,1230.8
10/26/18,6473.753333,0,1233.85
10/27/18,6465.9175,1
10/28/18,6457.21,1
10/29/18,6382.668333,0,1230.8
10/30/18,6309.452857,0,1225.4
10/31/18,6301.61,0,1214.95
11/1/18,6342.280833,0,1231.15
11/2/18,6387.674167,0,1232.1
11/3/18,6390.42,1
11/4/18,6391.873333,1
11/5/18,6436.965,0,1232.25
11/6/18,6437.76,0,1231.6
11/7/18,6538.79,0,1229.95
11/8/18,6486.251667,0,1224.15
11/9/18,6444.97,0,1211.4
11/10/18,6399.033333,1
11/11/18,6378.268333,1
11/12/18,6408.53,0,1205.55
11/13/18,6372.063333,0,1202.1
11/14/18,6176.155,0,1203.25
11/15/18,5756.77,0,1211.85
11/16/18,5596.1925,0,1222.4
11/17/18,5558.243333,1
11/18/18,5572.44,1
11/19/18,5303.9425,0,1221.6
11/20/18,4671.97,0,1223.0
11/21/18,4491.98,0,1226.1
11/22/18,4548.7975,0,1227.05
11/23/18,4309.3375,0,1223.65
11/24/18,4352.98,1
11/25/18,3823.511667,1
11/26/18,3920.536667,0,1223.4
11/27/18,3793.35,0,1221.2
11/28/18,4103.453846,0,1213.25
11/29/18,4263.783333,0,1226.25
11/30/18,4278.77,0,1217.55
12/1/18,4116.7775,1
12/2/18,4167.546667,1
12/3/18,4140.6,0,1230.3
12/4/18,3961.493333,0,1240.3
12/5/18,3858.349167,0,1235.9
12/6/18,3744.98,0,1242.55
12/7/18,3405.643333,0,1243.3
12/8/18,3435.34,1
12/9/18,3453.66,1
12/10/18,3523.96,0,1245.35
12/11/18,3426.19,0,1245.3
12/12/18,3407.28,0,1245.75
12/13/18,3406.7625,0,1242.75
12/14/18,3278.374167,0,1235.35
12/15/18,3242.42,1
12/16/18,3271.238333,1
12/17/18,3392.405,0,1241.65
12/18/18,3556.54,0,1246.3
12/19/18,3808.0425,0,1255.0
12/20/18,3982.850833,0,1259.75
12/21/18,4135.19,0,1258.15
12/22/18,3910.973333,1
12/23/18,4027.478333,1
12/24/18,3995.17,1
12/25/18,3813.88,1
12/26/18,3825.379167,1
12/27/18,3848.21,0,1268.0
12/28/18,3743.905,0,1279.0
12/29/18,3912.285833,1
12/30/18,3770.36,1
12/31/18,3791.545833,1
1/1/19,3752.271667,1
1/2/19,3855.88,0,1282.9
1/3/19,3865.7975,0,1290.45
1/4/19,3822.626667,0,1279.9
1/5/19,3856.62,1
1/6/19,3920.456667,1
1/7/19,4036.093333,0,1292.2
1/8/19,4032.25,0,1286.45
1/9/19,4034.138333,0,1288.6
1/10/19,3812.585833,0,1291.9
1/11/19,3646.25,0,1288.95
1/12/19,3646.345833,1
1/13/19,3599.841667,1
1/14/19,3531.96,0,1292.75
1/15/19,3656.785,0,1294.4
1/16/19,3621.270833,0,1292.3
1/17/19,3621.43,0,1290.7
1/18/19,3632.395,0,1284.2
1/19/19,3690.523333,1
1/20/19,3703.98,1
1/21/19,3548.4275,0,1279.55
1/22/19,3540.02,0,1282.1
1/23/19,3587.35,0,1279.8
1/24/19,3566.4,0,1283.7
1/25/19,3586.25,0,1293.9
1/26/19,3577.79,1
1/27/19,3576.3,1
1/28/19,3554.5,0,1302.15
1/29/19,3448.58,0,1307.55
1/30/19,3421.6,0,1310.7
1/31/19,3470.0,0,1323.25
2/1/19,3444.81,0,1318.7
2/2/19,3475.33,1
2/3/19,3506.22,1
2/4/19,3456.02,0,1312.15
2/5/19,3452.35,0,1314.2
2/6/19,3467.34,0,1312.4
2/7/19,3405.7,0,1310.0
2/8/19,3394.76,0,1314.85
2/9/19,3661.08,1
2/10/19,3664.38,1
2/11/19,3686.29,0,1306.4
2/12/19,3629.47,0,1310.0
2/13/19,3632.42,0,1312.8
2/14/19,3614.5,0,1311.45
2/15/19,3600.31,0,1316.55
2/16/19,3608.2,1
2/17/19,3619.55,1
2/18/19,3670.74,0,1325.5
2/19/19,3910.8,0,1334.15
2/20/19,3926.53,0,1343.75
2/21/19,3987.18,0,1331.25
2/22/19,3944.88,0,1329.05
2/23/19,3983.48,1
2/24/19,4139.6,1
2/25/19,3766.89,0,1331.05
2/26/19,3848.33,0,1325.05
2/27/19,3831.45,0,1322.85
2/28/19,3833.23,0,1319.15
3/1/19,3850.08,0,1311.95
3/2/19,3834.62,1
3/3/19,3831.44,1
3/4/19,3814.58,0,1285.4
3/5/19,3730.98,0,1283.8
3/6/19,3872.25,0,1285.85
3/7/19,3876.85,0,1285.3
3/8/19,3886.82,0,1296.75
3/9/19,3875.96,1
3/10/19,3950.56,1
3/11/19,3928.17,0,1292.75
3/12/19,3881.09,0,1297.05
3/13/19,3892.51,0,1306.95
3/14/19,3877.77,0,1295.55
3/15/19,3885.21,0,1303.5
3/16/19,3936.5,1
3/17/19,4015.95,1
3/18/19,3994.92,0,1305.6
3/19/19,3998.77,0,1307.7
3/20/19,4029.11,0,1303.7
3/21/19,4056.4,0,1309.6
3/22/19,3992.34,0,1311.3
3/23/19,3999.06,1
3/24/19,4011.92,1
3/25/19,3994.11,0,1319.55
3/26/19,3935.89,0,1316.3
3/27/19,3947.74,0,1309.7
3/28/19,4048.51,0,1295.15
3/29/19,4037.37,0,1295.4
3/30/19,4115.55,1
3/31/19,4114.44,1
4/1/19,4114.16,0,1293.5
4/2/19,4152.53,0,1290.3
4/3/19,4882.88,0,1290.45
4/4/19,4959.81,0,1283.15
4/5/19,4911.24,0,1288.45
4/6/19,5028.77,1
4/7/19,5053.52,1
4/8/19,5189.39,0,1300.0
4/9/19,5268.71,0,1303.0
4/10/19,5175.81,0,1305.45
4/11/19,5310.18,0,1298.8
4/12/19,5035.02,0,1294.3
4/13/19,5072.85,1
4/14/19,5064.62,1
4/15/19,5152.51,0,1285.65
4/16/19,5036.18,0,1276.35
4/17/19,5196.65,0,1275.85
4/18/19,5220.37,0,1275.7
4/19/19,5276.31,1
4/20/19,5277.04,1
4/21/19,5309.28,1
4/22/19,5281.83,1
4/23/19,5377.19,0,1269.5
4/24/19,5518.16,0,1271.65
4/25/19,5434.19,0,1280.8
4/26/19,5195.61,0,1284.2
4/27/19,5292.83,1
4/28/19,5280.19,1
4/29/19,5301.29,0,1279.5
4/30/19,5260.65,0,1282.3
5/1/19,5269.79,0,1283.8
5/2/19,5326.67,0,1270.95
5/3/19,5390.16,0,1278.55
5/4/19,5657.14,1
5/5/19,5771.08,1
5/6/19,5717.66,1
5/7/19,5684.47,0,1281.2
5/8/19,5755.72,0,1285.2
5/9/19,5936.72,0,1286.1
5/10/19,6146.91,0,1287.1
5/11/19,6348.02,1
5/12/19,7248.31,1
5/13/19,6978.63,0,1295.6
5/14/19,7823.11,0,1298.4
5/15/19,7992.69,0,1299.1
5/16/19,8206.9,0,1291.7
5/17/19,7885.96,0,1280.8
5/18/19,7362.22,1
5/19/19,7265.05,1
5/20/19,8193.7,0,1276.85
5/21/19,8007.03,0,1271.15
5/22/19,7952.5,0,1273.8
5/23/19,7625.93,0,1283.65
5/24/19,7880.29,0,1282.5
5/25/19,8003.26,1
5/26/19,8071.45,1
5/27/19,8744.42,1
5/28/19,8770.06,0,1278.3
5/29/19,8719.88,0,1281.65
5/30/19,8662.98,0,1280.95
5/31/19,8272.46,0,1295.55
6/1/19,8553.81,1
6/2/19,8554.8,1
6/3/19,8739.03,0,1317.1
6/4/19,8134.92,0,1324.25
6/5/19,7675.8,0,1335.05
6/6/19,7786.04,0,1335.5
6/7/19,7803.23,0,1340.65
6/8/19,7998.29,1
6/9/19,7931.34,1
6/10/19,7640.61,0,1328.6
6/11/19,8020.38,0,1324.3
6/12/19,7917.58,0,1332.35
6/13/19,8173.06,0,1335.9
6/14/19,8237.88,0,1351.25
6/15/19,8693.6,1
6/16/19,8859.47,1
6/17/19,8978.99,0,1341.3
6/18/19,9327.48,0,1341.35
6/19/19,9076.18,0,1344.05
6/20/19,9281.7,0,1379.5
6/21/19,9531.35,0,1397.15
6/22/19,10209.38,1
6/23/19,10668.63,1
6/24/19,10814.48,0,1405.7
6/25/19,11017.5,0,1431.4
6/26/19,11766.4,0,1403.95
6/27/19,12932.55,0,1402.5
6/28/19,11132.85,0,1409.0
6/29/19,12374.35,1
6/30/19,11890.38,1
7/1/19,10737.73,0,1390.1
7/2/19,10578.72,0,1391.05
7/3/19,10805.4,0,1413.5
7/4/19,11984.76,0,1414.9
7/5/19,11160.49,0,1388.65
7/6/19,10955.16,1
7/7/19,11232.04,1
7/8/19,11477.01,0,1400.1
7/9/19,12313.08,0,1391.55
7/10/19,12586.78,0,1408.3
7/11/19,12099.9,0,1413.75
7/12/19,11352.87,0,1407.6
7/13/19,11803.97,1
7/14/19,11389.1,1
7/15/19,10186.96,0,1412.4
7/16/19,10873.5,0,1409.85
7/17/19,9397.72,0,1410.35
7/18/19,9674.28,0,1417.45
7/19/19,10638.56,0,1439.7
7/20/19,10535.75,1
7/21/19,10764.9,1
7/22/19,10587.41,0,1427.75
7/23/19,10323.62,0,1425.55
7/24/19,9844.3,0,1426.95
7/25/19,9772.17,0,1416.1
7/26/19,9875.17,0,1420.4
7/27/19,9848.65,1
7/28/19,9473.99,1
7/29/19,9530.0,0,1419.05
7/30/19,9501.33,0,1425.9
7/31/19,9589.13,0,1427.55
8/1/19,10084.7,0,1406.8
8/2/19,10407.17,0,1441.75
8/3/19,10529.55,1
8/4/19,10814.57,1
8/5/19,10980.23,0,1465.25
8/6/19,11787.99,0,1465.25
8/7/19,11465.67,0,1506.05
8/8/19,11960.82,0,1495.75
8/9/19,11996.41,0,1497.7
8/10/19,11856.64,1
8/11/19,11282.22,1
8/12/19,11566.84,0,1504.7
8/13/19,11386.26,0,1498.4
8/14/19,10858.12,0,1513.25
8/15/19,10016.96,0,1515.65
8/16/19,10302.17,0,1515.25
8/17/19,10359.44,1
8/18/19,10214.52,1
8/19/19,10317.6,0,1496.6
8/20/19,10917.26,0,1504.55
8/21/19,10760.56,0,1503.25
8/22/19,10129.4,0,1502.05
8/23/19,10111.98,0,1503.8
8/24/19,10405.81,1
8/25/19,10143.8,1
8/26/19,10135.06,1
8/27/19,10360.28,0,1532.95
8/28/19,10171.95,0,1537.15
8/29/19,9717.82,0,1540.2
8/30/19,9484.55,0,1528.4
8/31/19,9577.99,1
9/1/19,9600.9,1
9/2/19,9769.79,0,1525.95
9/3/19,10386.64,0,1537.85
9/4/19,10621.29,0,1546.1
9/5/19,10584.16,0,1529.1
9/6/19,10577.8,0,1523.7
9/7/19,10317.47,1
9/8/19,10487.21,1
9/9/19,10406.31,0,1509.2
9/10/19,10313.66,0,1498.25
9/11/19,10101.03,0,1490.65
9/12/19,10159.32,0,1515.2
9/13/19,10420.16,0,1503.1
9/14/19,10363.9,1
9/15/19,10361.33,1
9/16/19,10310.43,0,1497.2
9/17/19,10265.63,0,1502.1
9/18/19,10190.36,0,1503.5
9/19/19,10157.59,0,1500.7
9/20/19,10275.88,0,1501.9
9/21/19,10173.11,1
9/22/19,9979.49,1
9/23/19,10033.05,0,1522.1
9/24/19,9683.38,0,1520.65
9/25/19,8553.61,0,1528.75
9/26/19,8432.23,0,1506.4
9/27/19,8055.64,0,1489.9
9/28/19,8193.9,1
9/29/19,8225.0,1
9/30/19,8056.74,0,1485.3
10/1/19,8307.74,0,1473.45
10/2/19,8322.92,0,1492.6
10/3/19,8382.03,0,1517.1
10/4/19,8236.17,0,1499.15
10/5/19,8155.48,1
10/6/19,8147.69,1
10/7/19,7869.74,0,1501.25
10/8/19,8212.02,0,1505.85
10/9/19,8190.0,0,1507.25
10/10/19,8587.92,0,1494.8
10/11/19,8586.9,0,1479.15
10/12/19,8269.73,1
10/13/19,8308.01,1
10/14/19,8283.76,0,1490.6
10/15/19,8353.54,0,1487.8
10/16/19,8162.16,0,1485.1
10/17/19,8002.51,0,1492.65
10/18/19,8076.78,0,1490.0
10/19/19,7954.15,1
10/20/19,7960.04,1
10/21/19,8231.06,0,1491.65
10/22/19,8222.52,0,1485.35
10/23/19,8026.76,0,1494.45
10/24/19,7469.56,0,1496.55
10/25/19,7431.88,0,1513.45
10/26/19,8666.79,1
10/27/19,9259.8,1
10/28/19,9551.54,0,1492.4
10/29/19,9218.76,0,1486.75
10/30/19,9433.35,0,1492.1
10/31/19,9164.62,0,1510.95
11/1/19,9147.98,0,1508.8
11/2/19,9252.99,1
11/3/19,9301.18,1
11/4/19,9206.16,0,1509.45
11/5/19,9418.05,0,1488.95
11/6/19,9310.19,0,1486.05
11/7/19,9343.34,0,1484.25
11/8/19,9204.24,0,1464.15
11/9/19,8766.04,1
11/10/19,8809.41,1
11/11/19,9037.12,0,1458.7
11/12/19,8717.81,0,1452.05
11/13/19,8801.52,0,1462.9
11/14/19,8762.42,0,1466.65
11/15/19,8632.32,0,1466.9
11/16/19,8457.69,1
11/17/19,8482.7,1
11/18/19,8503.93,0,1467.65
11/19/19,8175.99,0,1468.45
11/20/19,8120.8,0,1471.7
11/21/19,8081.81,0,1467.05
11/22/19,7617.07,0,1464.45
11/23/19,7286.35,1
11/24/19,7324.03,1
11/25/19,6907.4,0,1458.4
11/26/19,7130.25,0,1454.65
11/27/19,7163.63,0,1454.35
11/28/19,7523.83,0,1454.65
11/29/19,7431.0,0,1460.15
11/30/19,7757.47,1
12/1/19,7557.72,1
12/2/19,7402.69,0,1461.15
12/3/19,7309.59,0,1477.3
12/4/19,7296.77,0,1475.1
12/5/19,7192.85,0,1475.95
12/6/19,7395.97,0,1459.65
12/7/19,7547.19,1
12/8/19,7504.83,1
12/9/19,7522.39,0,1461.7
12/10/19,7337.42,0,1464.95
12/11/19,7220.76,0,1466.8
12/12/19,7202.31,0,1467.8
12/13/19,7189.16,0,1466.6
12/14/19,7251.87,1
12/15/19,7067.74,1
12/16/19,7111.14,0,1477.9
12/17/19,6879.54,0,1475.8
12/18/19,6612.12,0,1474.05
12/19/19,7284.29,0,1476.7
12/20/19,7150.86,0,1479.0
12/21/19,7190.17,1
12/22/19,7143.2,1
12/23/19,7514.41,0,1482.1
12/24/19,7322.08,1
12/25/19,7250.69,1
12/26/19,7192.72,1
12/27/19,7194.4,0,1511.5
12/28/19,7243.93,1
12/29/19,7301.07,1
12/30/19,7385.36,0,1514.75
12/31/19,7219.6,1
1/1/20,7168.31,1
1/2/20,7175.68,0,1527.1
1/3/20,6944.33,0,1548.75
1/4/20,7326.35,1
1/5/20,7347.89,1
1/6/20,7351.57,0,1573.1
1/7/20,7759.24,0,1567.85
1/8/20,8165.47,0,1571.95
1/9/20,8042.65,0,1550.75
1/10/20,7817.92,0,1553.6
1/11/20,8184.66,1
1/12/20,8021.49,1
1/13/20,8173.97,0,1549.9
1/14/20,8105.24,0,1545.1
1/15/20,8842.42,0,1549.0
1/16/20,8813.89,0,1554.55
1/17/20,8722.03,0,1557.6
1/18/20,8900.34,1
1/19/20,8910.85,1
1/20/20,8703.36,0,1560.15
1/21/20,8626.47,0,1551.3
1/22/20,8722.26,0,1556.9
1/23/20,8658.94,0,1562.9
1/24/20,8388.11,0,1564.3
1/25/20,8428.17,1
1/26/20,8327.36,1
1/27/20,8588.42,0,1580.1
1/28/20,8895.78,0,1574.0
1/29/20,9385.69,0,1573.45
1/30/20,9279.81,0,1578.25
1/31/20,9502.37,0,1584.2
2/1/20,9333.77,1
2/2/20,9378.09,1
2/3/20,9314.56,0,1574.75
2/4/20,9162.14,0,1558.35
2/5/20,9162.14,0,1553.3
2/6/20,9614.9,0,1563.3
2/7/20,9755.66,0,1572.65
2/8/20,9807.54,1
2/9/20,9907.12,1
2/10/20,10162.41,0,1573.2
2/11/20,9854.79,0,1570.5
2/12/20,10275.38,0,1563.7
2/13/20,10354.3,0,1575.05
2/14/20,10242.43,0,1581.4
2/15/20,10368.53,1
2/16/20,9904.17,1
2/17/20,9937.67,0,1580.8
2/18/20,9703.93,0,1589.85
2/19/20,10180.65,0,1604.2
2/20/20,9604.72,0,1619.0
2/21/20,9606.86,0,1643.3
2/22/20,9696.58,1
2/23/20,9669.63,1
2/24/20,9989.39,0,1671.65
2/25/20,9663.75,0,1650.3
2/26/20,9309.15,0,1634.9
2/27/20,8785.52,0,1652.0
2/28/20,8804.72,0,1609.85
2/29/20,8712.35,1
3/1/20,8534.17,1
3/2/20,8912.82,0,1599.65
3/3/20,8912.82,0,1615.5
3/4/20,8754.34,0,1641.85
3/5/20,8758.9,0,1659.6
3/6/20,9067.39,0,1683.65
3/7/20,9155.89,1
3/8/20,8898.63,1
3/9/20,8039.38,0,1672.5
3/10/20,7931.94,0,1655.7
3/11/20,7885.46,0,1653.75
3/12/20,7936.65,0,1570.7
3/13/20,4830.21,0,1562.8
3/14/20,5609.03,1
3/15/20,5166.26,1
3/16/20,5348.44,0,1487.7
3/17/20,5026.35,0,1536.2
3/18/20,5357.61,0,1498.2
3/19/20,5410.23,0,1474.25
3/20/20,6195.2,0,1494.4
3/21/20,6226.44,1
3/22/20,6189.85,1
3/23/20,5822.62,0,1525.4
3/24/20,6502.16,0,1605.75
3/25/20,6768.49,0,1605.45
3/26/20,6698.46,0,1634.8
3/27/20,6763.75,0,1617.3
3/28/20,6369.09,1
3/29/20,6260.95,1
3/30/20,5885.41,0,1618.3
3/31/20,6405.29,0,1608.95
4/1/20,6428.28,0,1576.55
4/2/20,6652.87,0,1616.8
4/3/20,6809.11,0,1613.1
4/4/20,6741.67,1
4/5/20,6871.69,1
4/6/20,6777.44,0,1648.3
4/7/20,7343.2,0,1649.25
4/8/20,7205.55,0,1647.8
4/9/20,7365.03,0,1680.65
4/10/20,7293.69,1
4/11/20,6873.24,1
4/12/20,6891.6,1
4/13/20,6915.37,1
4/14/20,6857.66,0,1741.9
4/15/20,6871.95,0,1718.65
4/16/20,6623.8,0,1729.5
4/17/20,7112.27,0,1692.55
4/18/20,7034.89,1
4/19/20,7259.36,1
4/20/20,7130.04,0,1686.2
4/21/20,6840.24,0,1682.05
4/22/20,6852.52,0,1710.55
4/23/20,7130.99,0,1736.25
4/24/20,7477.6,0,1715.9
4/25/20,7507.08,1
4/26/20,7549.52,1
4/27/20,7699.27,0,1714.95
4/28/20,7790.66,0,1691.55
4/29/20,7765.33,0,1703.35
4/30/20,8777.63,0,1702.75
5/1/20,8628.77,0,1686.25
5/2/20,8824.66,1
5/3/20,8973.82,1
5/4/20,8903.95,0,1709.1
5/5/20,8885.93,0,1699.55
5/6/20,9030.96,0,1691.5
5/7/20,9170.79,0,1704.05
5/8/20,10002.48,1
5/9/20,9821.8,1
5/10/20,9527.39,1
5/11/20,8754.46,0,1702.75
5/12/20,8617.25,0,1702.4
5/13/20,8814.53,0,1708.4
5/14/20,9305.93,0,1731.6
5/15/20,9790.31,0,1735.35
5/16/20,9303.59,1
5/17/20,9385.7,1
5/18/20,9669.4,0,1734.7
5/19/20,9719.37,0,1737.95
5/20/20,9785.74,0,1748.3
5/21/20,9510.67,0,1724.9
5/22/20,9057.57,0,1733.55
5/23/20,9167.26,1
5/24/20,9178.32,1
5/25/20,8730.73,1
5/26/20,8899.66,0,1720.25
5/27/20,8842.85,0,1694.6
5/28/20,9197.54,0,1717.35
5/29/20,9569.21,0,1728.7
5/30/20,9425.98,1
5/31/20,9698.1,1
6/1/20,9450.84,0,1730.6
6/2/20,10204.23,0,1742.15
6/3/20,9525.57,0,1705.35
6/4/20,9658.04,0,1700.05
6/5/20,9794.56,0,1683.45
6/6/20,9623.75,1
6/7/20,9670.43,1
6/8/20,9753.85,0,1690.35
6/9/20,9782.59,0,1713.5
6/10/20,9775.15,0,1722.05
6/11/20,9892.13,0,1738.25
6/12/20,9286.42,0,1733.5
6/13/20,9459.97,1
6/14/20,9473.5,1
6/15/20,9330.07,0,1710.45
6/16/20,9426.7,0,1719.85
6/17/20,9526.0,0,1724.35
6/18/20,9454.81,0,1719.5
6/19/20,9380.03,0,1734.75
6/20/20,9300.15,1
6/21/20,9357.43,1
6/22/20,9284.78,0,1761.85
6/23/20,9691.9,0,1768.9
6/24/20,9621.49,0,1766.05
6/25/20,9276.58,0,1756.55
6/26/20,9240.85,0,1747.6
6/27/20,9154.45,1
6/28/20,9004.23,1
6/29/20,9127.47,0,1771.6
6/30/20,9185.35,0,1768.1
7/1/20,9133.97,0,1771.05
7/2/20,9236.38,0,1777.45
7/3/20,9087.98,0,1772.9
7/4/20,9072.42,1
7/5/20,9131.31,1
7/6/20,9089.09,0,1787.9
7/7/20,9348.91,0,1789.55
7/8/20,9256.23,0,1811.1
7/9/20,9440.07,0,1812.1
7/10/20,9238.04,0,1803.1
7/11/20,9287.4,1
7/12/20,9235.96,1
7/13/20,9295.9,0,1807.5
7/14/20,9238.13,0,1801.9
7/15/20,9254.52,0,1804.6
7/16/20,9193.51,0,1807.7
7/17/20,9131.0,0,1807.35
7/18/20,9154.19,1
7/19/20,9174.71,1
7/20/20,9214.66,0,1815.65
7/21/20,9163.87,0,1842.55
7/22/20,9392.66,0,1852.4
7/23/20,9537.4,0,1878.3
7/24/20,9613.11,0,1902.1
7/25/20,9551.28,1
7/26/20,9707.5,1
7/27/20,9938.83,0,1936.65
7/28/20,11042.4,0,1940.9
7/29/20,10934.94,0,1950.9
7/30/20,11102.67,0,1957.65
7/31/20,11114.93,0,1964.9
8/1/20,11343.88,1
8/2/20,11823.69,1
8/3/20,11077.77,0,1958.55
8/4/20,11242.57,0,1977.9
8/5/20,11194.25,0,2048.15
8/6/20,11750.28,0,2067.15
8/7/20,11772.94,0,2031.15
8/8/20,11605.6,1
8/9/20,11767.6,1
8/10/20,11684.06,0,2044.5
8/11/20,11893.03,0,1939.65
8/12/20,11392.43,0,1931.9
8/13/20,11573.11,0,1944.25
8/14/20,11777.43,0,1944.75
8/15/20,11774.38,1
8/16/20,11873.98,1
8/17/20,11914.01,0,1972.85
8/18/20,12293.72,0,2008.75
8/19/20,11969.53,0,1981.0
8/20/20,11734.0,0,1927.15
8/21/20,11865.82,0,1924.35
8/22/20,11522.8,1
8/23/20,11683.44,1
8/24/20,11653.02,0,1943.95
8/25/20,11763.93,0,1911.15
8/26/20,11337.4,0,1932.95
8/27/20,11467.37,0,1923.85
8/28/20,11302.01,0,1957.35
8/29/20,11534.75,1
8/30/20,11481.64,1
8/31/20,11707.78,1
9/1/20,11659.57,0,1972.35
9/2/20,11923.25,0,1947.05
9/3/20,11397.44,0,1940.45
9/4/20,10187.51,0,1926.3
9/5/20,10467.89,1
9/6/20,10159.62,1
9/7/20,10254.93,0,1928.45
9/8/20,10367.74,0,1910.95
9/9/20,10121.52,0,1947.2
9/10/20,10227.83,0,1966.25
9/11/20,10352.66,0,1947.4
9/12/20,10395.44,1
9/13/20,10446.44,1
9/14/20,10330.77,0,1958.7
9/15/20,10674.64,0,1949.35
9/16/20,10785.62,0,1961.8
9/17/20,10948.43,0,1936.25
9/18/20,10943.89,0,1950.85
9/19/20,10931.79,1
9/20/20,11081.43,1
9/21/20,10919.65,0,1909.35
9/22/20,10430.46,0,1906.0
9/23/20,10532.22,0,1873.4
9/24/20,10234.48,0,1861.75
9/25/20,10732.43,0,1859.7
9/26/20,10692.84,1
9/27/20,10732.4,1
9/28/20,10774.24,0,1864.3
9/29/20,10692.33,0,1883.95
9/30/20,10840.8,0,1886.9
10/1/20,10777.92,0,1902.0
10/2/20,10619.24,0,1903.05
10/3/20,10575.06,1
10/4/20,10551.77,1
10/5/20,10673.46,0,1909.6
10/6/20,10788.56,0,1913.4
10/7/20,10603.74,0,1884.5
10/8/20,10670.8,0,1887.45
10/9/20,10923.3,0,1923.25
10/10/20,11063.19,1
10/11/20,11302.67,1
10/12/20,11376.61,0,1925.5
10/13/20,11540.04,0,1891.3
10/14/20,11428.24,0,1910.05
10/15/20,11431.32,0,1891.9
10/16/20,11503.73,0,1905.05
10/17/20,11327.57,1
10/18/20,11366.51,1
10/19/20,11508.2,0,1905.6
10/20/20,11758.16,0,1898.4
10/21/20,11925.46,0,1924.15
10/22/20,12831.56,0,1900.95
10/23/20,12990.25,0,1903.65
10/24/20,12944.52,1
10/25/20,13128.46,1
10/26/20,13036.77,0,1898.45
10/27/20,13076.37,0,1905.7
10/28/20,13651.47,0,1869.95
10/29/20,13289.0,0,1870.3
10/30/20,13458.66,0,1881.85
10/31/20,13564.72,1
11/1/20,13810.32,1
11/2/20,13758.88,0,1889.9
11/3/20,13575.17,0,1908.3
11/4/20,14023.31,0,1900.15
11/5/20,14155.59,0,1938.45
11/6/20,15591.39,0,1940.8
11/7/20,15595.77,1
11/8/20,14839.84,1
11/9/20,15490.6,0,1867.3
11/10/20,15328.53,0,1878.7
11/11/20,15317.04,0,1860.95
11/12/20,15708.65,0,1874.85
11/13/20,16295.57,0,1890.9
11/14/20,16339.33,1
11/15/20,16091.07,1
11/16/20,15968.16,0,1885.6
11/17/20,16725.15,0,1889.05
11/18/20,17679.72,0,1876.1
11/19/20,17798.45,0,1857.35
11/20/20,17820.57,0,1875.7
11/21/20,18687.45,1
11/22/20,18699.75,1
11/23/20,18422.28,0,1840.2
11/24/20,18398.91,0,1799.6
11/25/20,19172.52,0,1810.2
11/26/20,18739.8,0,1807.4
11/27/20,17151.44,0,1779.3
11/28/20,17138.87,1
11/29/20,17732.42,1
11/30/20,18191.6,0,1762.55
12/1/20,19709.73,0,1810.75
12/2/20,18792.52,0,1822.6
12/3/20,19226.97,0,1832.35
12/4/20,19454.54,0,1843.0
12/5/20,18670.49,1
12/6/20,19155.06,1
12/7/20,19377.66,0,1859.95
12/8/20,19181.41,0,1868.15
12/9/20,18318.87,0,1841.75
12/10/20,18554.15,0,1844.35
12/11/20,18247.76,0,1842.0
12/12/20,18029.36,1
12/13/20,18803.44,1
12/14/20,19164.48,0,1831.15
12/15/20,19276.59,0,1850.65
12/16/20,19439.75,0,1851.95
12/17/20,21379.48,0,1890.75
12/18/20,22847.46,0,1879.75
12/19/20,23150.79,1
12/20/20,23869.92,1
12/21/20,23490.58,0,1880.0
12/22/20,22745.48,0,1877.1
12/23/20,23824.99,0,1875.0
12/24/20,23253.37,1
12/25/20,23715.53,1
12/26/20,24693.58,1
12/27/20,26443.21,1
12/28/20,26246.58,1
12/29/20,27036.69,0,1874.3
12/30/20,27376.37,0,1887.6
12/31/20,28856.59,1
1/1/21,28982.56,1
1/2/21,29393.75,1
1/3/21,32195.46,1
1/4/21,33000.78,0,1943.2
1/5/21,32035.03,0,1940.35
1/6/21,34046.67,0,1931.95
1/7/21,36860.41,0,1920.1
1/8/21,39486.04,0,1862.9
1/9/21,40670.25,1
1/10/21,40240.72,1
1/11/21,38240.09,0,1847.25
1/12/21,35544.94,0,1841.25
1/13/21,34011.82,0,1858.85
1/14/21,37393.13,0,1841.75
1/15/21,39158.47,0,1839.0
1/16/21,36828.52,1
1/17/21,36065.2,1
1/18/21,35793.01,0,1833.05
1/19/21,36632.35,0,1834.7
1/20/21,36020.13,0,1856.6
1/21/21,35538.98,0,1862.1
1/22/21,30797.88,0,1852.7
1/23/21,33002.38,1
1/24/21,32099.74,1
1/25/21,32276.84,0,1856.85
1/26/21,32243.26,0,1856.6
1/27/21,32541.8,0,1843.0
1/28/21,30419.17,0,1853.7
1/29/21,33403.17,0,1863.8
1/30/21,34314.26,1
1/31/21,34318.1,1
2/1/21,33136.46,0,1862.95
2/2/21,33522.9,0,1833.1
2/3/21,35529.66,0,1835.45
2/4/21,37676.25,0,1785.9
2/5/21,37002.09,0,1802.95
2/6/21,38278.61,1
2/7/21,39323.26,1
2/8/21,38928.1,0,1835.25
2/9/21,46364.3,0,1839.6
2/10/21,46589.58,0,1842.65
2/11/21,44878.17,0,1840.1
2/12/21,48013.38,0,1816.35
2/13/21,47471.4,1
2/14/21,47185.19,1
2/15/21,48720.37,0,1817.3
2/16/21,47951.85,0,1794.25
2/17/21,49160.1,0,1780.7
2/18/21,52118.23,0,1773.15
2/19/21,51608.15,0,1786.2
2/20/21,55916.5,1
2/21/21,56001.2,1
2/22/21,57487.86,0,1807.45
2/23/21,54123.4,0,1799.65
2/24/21,48880.43,0,1788.0
2/25/21,50624.84,0,1779.65
2/26/21,46800.42,0,1742.85
2/27/21,46340.31,1
2/28/21,46155.87,1
3/1/21,45113.92,0,1734.15
3/2/21,49618.43,0,1723.85
3/3/21,48356.04,0,1711.4
3/4/21,50477.7,0,1712.1
3/5/21,48448.91,0,1696.25
3/6/21,48861.38,1
3/7/21,48881.59,1
3/8/21,51169.7,0,1687.05
3/9/21,52299.33,0,1716.9
3/10/21,54881.52,0,1716.2
3/11/21,55997.23,0,1724.25
3/12/21,57764.0,0,1704.8
3/13/21,57253.28,1
3/14/21,61258.73,1
3/15/21,59133.47,0,1723.65
3/16/21,55754.72,0,1735.0
3/17/21,56872.38,0,1729.65
3/18/21,58913.0,0,1725.9
3/19/21,57665.9,0,1735.2
3/20/21,58075.1,1
3/21/21,58085.8,1
3/22/21,57411.17,0,1736.15
3/23/21,54204.96,0,1726.2
3/24/21,54477.46,0,1730.5
3/25/21,52508.23,0,1737.3
3/26/21,51415.92,0,1731.8
3/27/21,55074.47,1
3/28/21,55863.93,1
3/29/21,55783.71,0,1705.95
3/30/21,57627.67,0,1683.95
3/31/21,58730.13,0,1691.05
4/1/21,58735.25,0,1726.05
4/2/21,58736.92,1
4/3/21,59031.32,1
4/4/21,57076.49,1
4/5/21,58206.55,1
4/6/21,59054.1,0,1744.65
4/7/21,58020.46,0,1738.05
4/8/21,55947.27,0,1755.5
4/9/21,58048.59,0,1741.2
4/10/21,58102.58,1
4/11/21,59774.0,1
4/12/21,59964.87,0,1732.85
4/13/21,59834.74,0,1747.95
4/14/21,63554.44,0,1735.55
4/15/21,62969.12,0,1757.2
4/16/21,63252.63,0,1774.45
4/17/21,61455.98,1
4/18/21,60087.09,1
4/19/21,56251.48,0,1774.5
4/20/21,55703.14,0,1777.85
4/21/21,56507.91,0,1798.2
4/22/21,53808.8,0,1787.75
4/23/21,51731.71,0,1781.8
4/24/21,51153.13,1
4/25/21,50110.53,1
4/26/21,49075.58,0,1773.35
4/27/21,54056.64,0,1784.15
4/28/21,55071.46,0,1772.2
4/29/21,54884.1,0,1762.65
4/30/21,53584.15,0,1767.65
5/1/21,57796.62,1
5/2/21,57857.5,1
5/3/21,56610.46,1
5/4/21,57213.33,0,1797.75
5/5/21,53241.72,0,1782.25
5/6/21,57473.23,0,1813.15
5/7/21,56428.16,0,1836.55
5/8/21,57380.27,1
5/9/21,58928.81,1
5/10/21,58280.73,0,1840.45
5/11/21,55883.5,0,1829.1
5/12/21,56750.0,0,1830.7
5/13/21,49007.09,0,1821.8
5/14/21,49702.27,0,1838.1
5/15/21,49922.52,1
5/16/21,46736.58,1
5/17/21,46441.64,0,1853.7
5/18/21,43596.24,0,1866.75
5/19/21,42912.19,0,1888.45
5/20/21,36964.27,0,1878.3
5/21/21,40784.32,0,1875.9
5/22/21,37280.35,1
5/23/21,37528.3,1
5/24/21,34754.54,0,1880.15
5/25/21,38728.59,0,1887.0
5/26/21,38410.5,0,1899.75
5/27/21,39266.04,0,1891.45
5/28/21,38445.29,0,1899.95
5/29/21,35689.62,1
5/30/21,34647.67,1
5/31/21,35684.59,1
6/1/21,37310.54,0,1899.35
6/2/21,36662.64,0,1902.75
6/3/21,37585.24,0,1866.55
6/4/21,39188.59,0,1890.6
6/5/21,36885.51,1
6/6/21,35530.38,1
6/7/21,35816.17,0,1888.4
6/8/21,33514.87,0,1893.15
6/9/21,33450.19,0,1894.6
6/10/21,37338.36,0,1888.65
6/11/21,36704.57,0,1881.05
6/12/21,37313.18,1
6/13/21,35494.9,1
6/14/21,39066.82,0,1865.6
6/15/21,40525.8,0,1865.1
6/16/21,40188.56,0,1860.75
6/17/21,38324.87,0,1778.7
6/18/21,38068.04,0,1773.1
6/19/21,35729.82,1
6/20/21,35524.17,1
6/21/21,35592.35,0,1775.05
6/22/21,31686.55,0,1775.05
6/23/21,32447.59,0,1791.6
6/24/21,33674.66,0,1784.85
6/25/21,34639.38,0,1786.65
6/26/21,31640.58,1
6/27/21,32160.91,1
6/28/21,34644.45,0,1780.3
6/29/21,34456.67,0,1755.45
6/30/21,35847.7,0,1763.15
7/1/21,35047.36,0,1781.5
7/2/21,33536.88,0,1786.15
7/3/21,33856.86,1
7/4/21,34688.98,1
7/5/21,35309.3,0,1791.35
7/6/21,33747.97,0,1809.85
7/7/21,34211.01,0,1804.65
7/8/21,33839.04,0,1807.7
7/9/21,32877.41,0,1806.0
7/10/21,33818.52,1
7/11/21,33515.57,1
7/12/21,34227.64,0,1792.4
7/13/21,33158.25,0,1813.85
7/14/21,32686.56,0,1823.2
7/15/21,32814.61,0,1823.75
7/16/21,31738.59,0,1824.3
7/17/21,31421.25,1
7/18/21,31520.66,1
7/19/21,31783.49,0,1814.9
7/20/21,30815.94,0,1823.05
7/21/21,29790.24,0,1802.15
7/22/21,32118.06,0,1799.45
7/23/21,32297.89,0,1799.6
7/24/21,33581.63,1
7/25/21,34279.34,1
7/26/21,35365.2,0,1800.2
7/27/21,37318.14,0,1800.35
7/28/21,39405.95,0,1796.6
7/29/21,40002.53,0,1829.3
7/30/21,40005.93,0,1825.75
7/31/21,42214.15,1
8/1/21,41659.06,1
8/2/21,40000.46,0,1811.45
8/3/21,39193.94,0,1812.65
8/4/21,38138.0,0,1829.1
8/5/21,39750.14,0,1800.75
8/6/21,40882.0,0,1762.9
8/7/21,42825.95,1
8/8/21,44634.13,1
8/9/21,43816.14,0,1738.85
8/10/21,46333.46,0,1723.35
8/11/21,45608.37,0,1743.6
8/12/21,45611.46,0,1747.4
8/13/21,44417.78,0,1773.85
8/14/21,47833.98,1
8/15/21,47112.19,1
8/16/21,47056.41,0,1786.35
8/17/21,45982.55,0,1789.45
8/18/21,44648.57,0,1783.45
8/19/21,44777.86,0,1782.05
8/20/21,46734.65,0,1779.05
8/21/21,49327.75,1
8/22/21,48932.02,1
8/23/21,49335.68,0,1802.0
8/24/21,49523.5,0,1808.45
8/25/21,47744.58,0,1788.7
8/26/21,48972.09,0,1786.6
8/27/21,46962.8,0,1798.5
8/28/21,49056.86,1
8/29/21,48897.65,1
8/30/21,48806.78,1
8/31/21,47074.77,0,1814.85
9/1/21,47155.87,0,1811.8
9/2/21,48862.76,0,1812.55
9/3/21,49329.01,0,1823.7
9/4/21,50035.33,1
9/5/21,49947.38,1
9/6/21,51769.06,0,1821.6
9/7/21,52677.4,0,1802.15
9/8/21,46809.17,0,1786.0
9/9/21,46078.38,0,1788.25
9/10/21,46368.69,0,1794.6
