日期(月/日/年),是否可以买卖黄金,黄金价值,黄金预测价值,误差
9/11/16,1
9/12/16,0,1324.6,1324.6,0
9/13/16,0,1323.65,1323.65,0
9/14/16,0,1321.75,1321.75,0
9/15/16,0,1310.8,1319.9,9.1
9/16/16,0,1308.35,1305.9,2.45
9/17/16,1
9/18/16,1
9/19/16,0,1314.85,1302.0,12.85
9/20/16,0,1313.8,1306.6,7.2
9/21/16,0,1326.1,1308.3,17.8
9/22/16,0,1339.1,1316.4,22.7
9/23/16,0,1338.65,1327.6,11.05
9/24/16,1
9/25/16,1
9/26/16,0,1340.5,1334.3,6.2
9/27/16,0,1327.0,1339.3,12.3
9/28/16,0,1322.5,1337.7,15.2
9/29/16,0,1318.1,1334.8,16.7
9/30/16,0,1322.5,1331.3,8.8
10/1/16,1
10/2/16,1
10/3/16,0,1313.3,1329.9,16.6
10/4/16,0,1283.3,1326.4,43.1
10/5/16,0,1269.4,1316.1,46.7
10/6/16,0,1254.5,1304.7,50.2
10/7/16,0,1258.75,1292.4,33.65
10/8/16,1
10/9/16,1
10/10/16,0,1259.5,1283.3,23.8
10/11/16,0,1253.45,1275.9,22.45
10/12/16,0,1256.5,1268.8,12.3
10/13/16,0,1261.05,1263.3,2.25
10/14/16,0,1251.75,1259.5,7.75
10/15/16,1
10/16/16,1
10/17/16,0,1254.8,1254.9,0.1
10/18/16,0,1258.2,1251.4,6.8
10/19/16,0,1269.05,1248.9,20.15
10/20/16,0,1271.65,1248.3,23.35
10/21/16,0,1266.05,1248.3,17.75
10/22/16,1
10/23/16,1
10/24/16,0,1265.55,1247.5,18.05
10/25/16,0,1269.4,1246.9,22.5
10/26/16,0,1270.5,1246.8,23.7
10/27/16,0,1266.25,1246.9,19.35
10/28/16,0,1273.0,1246.6,26.4
10/29/16,1
10/30/16,1
10/31/16,0,1272.0,1247.1,24.9
11/1/16,0,1288.45,1247.5,40.95
11/2/16,0,1303.75,1249.6,54.15
11/3/16,0,1301.0,1253.2,47.8
11/4/16,0,1302.8,1256.3,46.5
11/5/16,1
11/6/16,1
11/7/16,0,1283.05,1259.2,23.85
11/8/16,0,1282.35,1260.1,22.25
11/9/16,0,1281.4,1260.8,20.6
11/10/16,0,1267.5,1261.3,6.2
11/11/16,0,1236.45,1260.6,24.15
11/12/16,1
11/13/16,1
11/14/16,0,1213.6,1257.1,43.5
11/15/16,0,1226.95,1252.0,25.05
11/16/16,0,1229.2,1248.4,19.2
11/17/16,0,1226.75,1245.3,18.55
11/18/16,0,1211.0,1242.2,31.2
11/19/16,1
11/20/16,1
11/21/16,0,1214.25,1238.1,23.85
11/22/16,0,1212.25,1234.6,22.35
11/23/16,0,1185.35,1231.2,45.85
11/24/16,0,1186.1,1226.0,39.9
11/25/16,0,1187.7,1221.3,33.6
11/26/16,1
11/27/16,1
11/28/16,0,1187.0,1217.0,30.0
11/29/16,0,1186.55,1212.9,26.35
11/30/16,0,1178.1,1209.1,31.0
12/1/16,0,1161.85,1204.9,43.05
12/2/16,0,1173.5,1200.0,26.5
12/3/16,1
12/4/16,1
12/5/16,0,1162.2,1196.1,33.9
12/6/16,0,1172.5,1191.8,19.3
12/7/16,0,1177.65,1188.3,10.65
12/8/16,0,1171.05,1185.4,14.35
12/9/16,0,1163.6,1182.2,18.6
12/10/16,1
12/11/16,1
12/12/16,0,1156.1,1178.9,22.8
12/13/16,0,1158.55,1175.2,16.65
12/14/16,0,1162.25,1171.9,9.65
12/15/16,0,1126.95,1169.0,42.05
12/16/16,0,1131.6,1164.4,32.8
12/17/16,1
12/18/16,1
12/19/16,0,1136.25,1160.2,23.95
12/20/16,0,1125.7,1156.5,30.8
12/21/16,0,1133.65,1152.5,18.85
12/22/16,0,1131.35,1149.0,17.65
12/23/16,1
12/24/16,1
12/25/16,1
12/26/16,1
12/27/16,1
12/28/16,0,1134.6,1145.7,11.1
12/29/16,0,1145.9,1142.6,3.3
12/30/16,1
12/31/16,1
1/1/17,1
1/2/17,1
1/3/17,0,1151.0,1140.3,10.7
1/4/17,0,1164.25,1138.3,25.95
1/5/17,0,1176.7,1137.1,39.6
1/6/17,0,1175.85,1136.5,39.35
1/7/17,1
1/8/17,1
1/9/17,0,1178.5,1135.9,42.6
1/10/17,0,1189.5,1135.4,54.1
1/11/17,0,1178.55,1135.5,43.05
1/12/17,0,1205.05,1135.1,69.95
1/13/17,0,1190.35,1136.0,54.35
1/14/17,1
1/15/17,1
1/16/17,0,1203.0,1136.1,66.9
1/17/17,0,1216.05,1136.9,79.15
1/18/17,0,1214.75,1138.1,76.65
1/19/17,0,1196.05,1139.3,56.75
1/20/17,0,1200.55,1139.7,60.85
1/21/17,1
1/22/17,1
1/23/17,0,1212.85,1140.2,72.65
1/24/17,0,1216.8,1141.3,75.5
1/25/17,0,1195.0,1142.5,52.5
1/26/17,0,1189.7,1142.8,46.9
1/27/17,0,1184.85,1142.8,42.05
1/28/17,1
1/29/17,1
1/30/17,0,1192.8,1142.7,50.1
1/31/17,0,1212.8,1142.9,69.9
2/1/17,0,1203.65,1143.9,59.75
2/2/17,0,1221.95,1144.6,77.35
2/3/17,0,1215.2,1145.9,69.3
2/4/17,1
2/5/17,1
2/6/17,0,1226.75,1146.9,79.85
2/7/17,0,1231.0,1148.3,82.7
2/8/17,0,1242.1,1149.9,92.2
2/9/17,0,1236.8,1151.8,85.0
2/10/17,0,1228.3,1153.5,74.8
2/11/17,1
2/12/17,1
2/13/17,0,1222.25,1154.8,67.45
2/14/17,0,1230.75,1155.9,74.85
2/15/17,0,1224.4,1157.3,67.1
2/16/17,0,1240.55,1158.4,82.15
2/17/17,0,1241.95,1160.0,81.95
2/18/17,1
2/19/17,1
2/20/17,0,1237.3,1161.7,75.6
2/21/17,0,1233.2,1163.1,70.1
2/22/17,0,1236.65,1164.4,72.25
2/23/17,0,1247.9,1165.8,82.1
2/24/17,0,1253.65,1167.5,86.15
2/25/17,1
2/26/17,1
2/27/17,0,1257.2,1169.3,87.9
2/28/17,0,1255.6,1171.3,84.3
3/1/17,0,1240.4,1173.1,67.3
3/2/17,0,1238.1,1174.4,63.7
3/3/17,0,1226.5,1175.6,50.9
3/4/17,1
3/5/17,1
3/6/17,0,1230.95,1176.3,54.65
3/7/17,0,1216.65,1177.2,39.45
3/8/17,0,1209.2,1177.6,31.6
3/9/17,0,1206.55,1177.8,28.75
3/10/17,0,1202.65,1177.9,24.75
3/11/17,1
3/12/17,1
3/13/17,0,1204.2,1177.8,26.4
3/14/17,0,1204.6,1177.8,26.8
3/15/17,0,1198.8,1177.9,20.9
3/16/17,0,1229.35,1177.7,51.65
3/17/17,0,1229.6,1178.5,51.1
3/18/17,1
3/19/17,1
3/20/17,0,1232.4,1179.3,53.1
3/21/17,0,1241.6,1180.1,61.5
3/22/17,0,1249.05,1181.2,67.85
3/23/17,0,1247.5,1182.5,65.0
3/24/17,0,1247.5,1183.7,63.8
3/25/17,1
3/26/17,1
3/27/17,0,1257.55,1184.9,72.65
3/28/17,0,1257.25,1186.4,70.85
3/29/17,0,1251.1,1187.8,63.3
3/30/17,0,1248.8,1189.0,59.8
3/31/17,0,1244.85,1190.2,54.65
4/1/17,1
4/2/17,1
4/3/17,0,1247.25,1191.1,56.15
4/4/17,0,1257.65,1192.2,65.45
4/5/17,0,1245.8,1193.5,52.3
4/6/17,0,1252.5,1194.4,58.1
4/7/17,0,1266.45,1195.5,70.95
4/8/17,1
4/9/17,1
4/10/17,0,1250.05,1197.0,53.05
4/11/17,0,1252.9,1197.9,55.0
4/12/17,0,1274.3,1199.0,75.3
4/13/17,0,1284.15,1200.6,83.55
4/14/17,1
4/15/17,1
4/16/17,1
4/17/17,1
4/18/17,0,1278.95,1202.4,76.55
4/19/17,0,1279.05,1204.1,74.95
4/20/17,0,1282.1,1205.7,76.4
4/21/17,0,1281.85,1207.3,74.55
4/22/17,1
4/23/17,1
4/24/17,0,1269.4,1209.0,60.4
4/25/17,0,1267.8,1210.2,57.6
4/26/17,0,1261.85,1211.4,50.45
4/27/17,0,1262.8,1212.4,50.4
4/28/17,0,1266.45,1213.5,52.95
4/29/17,1
4/30/17,1
5/1/17,1
5/2/17,0,1255.45,1214.5,40.95
5/3/17,0,1250.3,1215.3,35.0
5/4/17,0,1228.45,1216.0,12.45
5/5/17,0,1228.05,1216.0,12.05
5/6/17,1
5/7/17,1
5/8/17,0,1229.8,1216.1,13.7
5/9/17,0,1220.4,1216.2,4.2
5/10/17,0,1222.95,1216.1,6.85
5/11/17,0,1223.15,1216.0,7.15
5/12/17,0,1231.25,1216.0,15.25
5/13/17,1
5/14/17,1
5/15/17,0,1233.3,1216.1,17.2
5/16/17,0,1234.2,1216.3,17.9
5/17/17,0,1257.4,1216.5,40.9
5/18/17,0,1255.9,1217.3,38.6
5/19/17,0,1252.0,1218.0,34.0
5/20/17,1
5/21/17,1
5/22/17,0,1258.85,1218.6,40.25
5/23/17,0,1260.2,1219.4,40.8
5/24/17,0,1252.55,1220.1,32.45
5/25/17,0,1256.95,1220.7,36.25
5/26/17,0,1265.05,1221.4,43.65
5/27/17,1
5/28/17,1
5/29/17,1
5/30/17,0,1262.7,1222.2,40.5
5/31/17,0,1266.2,1223.0,43.2
6/1/17,0,1264.85,1223.8,41.05
6/2/17,0,1274.95,1224.6,50.35
6/3/17,1
6/4/17,1
6/5/17,0,1279.95,1225.6,54.35
6/6/17,0,1293.5,1226.7,66.8
6/7/17,0,1291.0,1228.1,62.9
6/8/17,0,1273.1,1229.4,43.7
6/9/17,0,1266.55,1230.2,36.35
6/10/17,1
6/11/17,1
6/12/17,0,1266.4,1231.0,35.4
6/13/17,0,1262.0,1231.7,30.3
6/14/17,0,1275.5,1232.3,43.2
6/15/17,0,1254.55,1233.1,21.45
6/16/17,0,1255.4,1233.5,21.9
6/17/17,1
6/18/17,1
6/19/17,0,1248.15,1234.0,14.15
6/20/17,0,1242.2,1234.2,8.0
6/21/17,0,1242.5,1234.3,8.2
6/22/17,0,1250.8,1234.5,16.3
6/23/17,0,1255.7,1234.8,20.9
6/24/17,1
6/25/17,1
6/26/17,0,1245.25,1235.2,10.05
6/27/17,0,1249.55,1235.3,14.25
6/28/17,0,1248.0,1235.6,12.4
6/29/17,0,1243.5,1235.8,7.7
6/30/17,0,1242.25,1235.9,6.35
7/1/17,1
7/2/17,1
7/3/17,0,1229.25,1236.0,6.75
7/4/17,0,1223.75,1235.9,12.15
7/5/17,0,1220.3,1235.6,15.3
7/6/17,0,1224.9,1235.3,10.4
7/7/17,0,1215.65,1235.0,19.35
7/8/17,1
7/9/17,1
7/10/17,0,1211.9,1234.6,22.7
7/11/17,0,1211.05,1234.1,23.05
7/12/17,0,1218.8,1233.7,14.9
7/13/17,0,1218.9,1233.3,14.4
7/14/17,0,1230.3,1233.0,2.7
7/15/17,1
7/16/17,1
7/17/17,0,1234.1,1232.9,1.2
7/18/17,0,1240.75,1232.9,7.85
7/19/17,0,1242.15,1233.0,9.15
7/20/17,0,1238.7,1233.1,5.6
7/21/17,0,1248.55,1233.2,15.35
7/22/17,1
7/23/17,1
7/24/17,0,1255.55,1233.4,22.15
7/25/17,0,1254.4,1233.8,20.6
7/26/17,0,1248.1,1234.1,14.0
7/27/17,0,1261.1,1234.4,26.7
7/28/17,0,1264.9,1234.8,30.1
7/29/17,1
7/30/17,1
7/31/17,0,1267.55,1235.3,32.25
8/1/17,0,1270.95,1235.9,35.05
8/2/17,0,1269.6,1236.5,33.1
8/3/17,0,1268.1,1237.1,31.0
8/4/17,0,1257.7,1237.6,20.1
8/5/17,1
8/6/17,1
8/7/17,0,1258.0,1238.0,20.0
8/8/17,0,1261.8,1238.3,23.5
8/9/17,0,1271.05,1238.7,32.35
8/10/17,0,1284.4,1239.3,45.1
8/11/17,0,1286.1,1240.1,46.0
8/12/17,1
8/13/17,1
8/14/17,0,1282.3,1240.9,41.4
8/15/17,0,1270.3,1241.7,28.6
8/16/17,0,1272.75,1242.2,30.55
8/17/17,0,1285.15,1242.7,42.45
8/18/17,0,1295.8,1243.5,52.3
8/19/17,1
8/20/17,1
8/21/17,0,1292.9,1244.4,48.5
8/22/17,0,1284.2,1245.3,38.9
8/23/17,0,1286.65,1246.0,40.65
8/24/17,0,1289.0,1246.7,42.3
8/25/17,0,1285.3,1247.5,37.8
8/26/17,1
8/27/17,1
8/28/17,1
8/29/17,0,1318.65,1248.2,70.45
8/30/17,0,1308.5,1249.4,59.1
8/31/17,0,1311.75,1250.5,61.25
9/1/17,0,1320.4,1251.6,68.8
9/2/17,1
9/3/17,1
9/4/17,0,1333.1,1252.8,80.3
9/5/17,0,1335.55,1254.2,81.35
9/6/17,0,1337.85,1255.7,82.15
9/7/17,0,1343.5,1257.1,86.4
9/8/17,0,1346.25,1258.7,87.55
9/9/17,1
9/10/17,1
9/11/17,0,1334.2,1260.2,74.0
9/12/17,0,1326.5,1261.6,64.9
9/13/17,0,1327.55,1262.8,64.75
9/14/17,0,1324.55,1264.0,60.55
9/15/17,0,1322.85,1265.1,57.75
9/16/17,1
9/17/17,1
9/18/17,0,1312.1,1266.2,45.9
9/19/17,0,1309.6,1267.1,42.5
9/20/17,0,1311.3,1267.9,43.4
9/21/17,0,1292.1,1268.8,23.3
9/22/17,0,1294.8,1269.4,25.4
9/23/17,1
9/24/17,1
9/25/17,0,1293.3,1269.9,23.4
9/26/17,0,1300.05,1270.5,29.55
9/27/17,0,1282.55,1271.1,11.45
9/28/17,0,1283.35,1271.5,11.85
9/29/17,0,1283.1,1271.9,11.2
9/30/17,1
10/1/17,1
10/2/17,0,1273.7,1272.2,1.5
10/3/17,0,1271.25,1272.4,1.15
10/4/17,0,1274.25,1272.6,1.65
10/5/17,0,1274.5,1272.8,1.7
10/6/17,0,1261.8,1273.0,11.2
10/7/17,1
10/8/17,1
10/9/17,0,1278.75,1273.0,5.75
10/10/17,0,1291.4,1273.3,18.1
10/11/17,0,1289.25,1273.7,15.55
10/12/17,0,1290.25,1274.2,16.05
10/13/17,0,1299.6,1274.6,25.0
10/14/17,1
10/15/17,1
10/16/17,0,1303.3,1275.2,28.1
10/17/17,0,1284.75,1275.8,8.95
10/18/17,0,1280.2,1276.1,4.1
10/19/17,0,1286.4,1276.4,10.0
10/20/17,0,1281.2,1276.7,4.5
10/21/17,1
10/22/17,1
10/23/17,0,1274.9,1277.0,2.1
10/24/17,0,1276.45,1277.1,0.65
10/25/17,0,1275.0,1277.3,2.3
10/26/17,0,1273.75,1277.5,3.75
10/27/17,0,1266.45,1277.6,11.15
10/28/17,1
10/29/17,1
10/30/17,0,1272.0,1277.6,5.6
10/31/17,0,1270.15,1277.8,7.65
11/1/17,0,1277.05,1277.8,0.75
11/2/17,0,1279.2,1278.0,1.2
11/3/17,0,1267.2,1278.2,11.0
11/4/17,1
11/5/17,1
11/6/17,0,1270.9,1278.3,7.4
11/7/17,0,1275.6,1278.3,2.7
11/8/17,0,1284.0,1278.5,5.5
11/9/17,0,1284.8,1278.8,6.0
11/10/17,0,1284.3,1279.0,5.3
11/11/17,1
11/12/17,1
11/13/17,0,1277.95,1279.3,1.35
11/14/17,0,1274.6,1279.5,4.9
11/15/17,0,1282.2,1279.6,2.6
11/16/17,0,1280.0,1279.8,0.2
11/17/17,0,1284.35,1280.0,4.35
11/18/17,1
11/19/17,1
11/20/17,0,1286.2,1280.3,5.9
11/21/17,0,1283.3,1280.6,2.7
11/22/17,0,1286.95,1280.8,6.15
11/23/17,0,1290.35,1281.1,9.25
11/24/17,0,1290.5,1281.4,9.1
11/25/17,1
11/26/17,1
11/27/17,0,1294.9,1281.7,13.2
11/28/17,0,1291.85,1282.1,9.75
11/29/17,0,1283.85,1282.4,1.45
11/30/17,0,1280.2,1282.6,2.4
12/1/17,0,1275.5,1282.8,7.3
12/2/17,1
12/3/17,1
12/4/17,0,1273.45,1282.9,9.45
12/5/17,0,1266.3,1283.0,16.7
12/6/17,0,1263.7,1282.9,19.2
12/7/17,0,1255.0,1282.9,27.9
12/8/17,0,1250.65,1282.7,32.05
12/9/17,1
12/10/17,1
12/11/17,0,1247.15,1282.5,35.35
12/12/17,0,1240.9,1282.2,41.3
12/13/17,0,1242.65,1281.8,39.15
12/14/17,0,1251.0,1281.5,30.5
12/15/17,0,1254.6,1281.3,26.7
12/16/17,1
12/17/17,1
12/18/17,0,1260.6,1281.1,20.5
12/19/17,0,1260.35,1281.0,20.65
12/20/17,0,1264.55,1281.0,16.45
12/21/17,0,1264.55,1280.9,16.35
12/22/17,1
12/23/17,1
12/24/17,1
12/25/17,1
12/26/17,1
12/27/17,0,1279.4,1280.9,1.5
12/28/17,0,1291.0,1281.0,10.0
12/29/17,1
12/30/17,1
12/31/17,1
1/1/18,1
1/2/18,0,1312.05,1281.3,30.75
1/3/18,0,1314.9,1281.9,33.0
1/4/18,0,1314.5,1282.5,32.0
1/5/18,0,1317.15,1283.1,34.05
1/6/18,1
1/7/18,1
1/8/18,0,1319.95,1283.7,36.25
1/9/18,0,1311.0,1284.3,26.7
1/10/18,0,1319.75,1284.8,34.95
1/11/18,0,1323.05,1285.5,37.55
1/12/18,0,1326.8,1286.1,40.7
1/13/18,1
1/14/18,1
1/15/18,0,1339.25,1286.8,52.45
1/16/18,0,1333.85,1287.6,46.25
1/17/18,0,1335.65,1288.4,47.25
1/18/18,0,1332.2,1289.2,43.0
1/19/18,0,1334.95,1289.9,45.05
1/20/18,1
1/21/18,1
1/22/18,0,1332.6,1290.7,41.9
1/23/18,0,1333.4,1291.4,42.0
1/24/18,0,1353.7,1292.1,61.6
1/25/18,0,1354.95,1293.1,61.85
1/26/18,0,1353.15,1294.0,59.15
1/27/18,1
1/28/18,1
1/29/18,0,1343.85,1295.0,48.85
1/30/18,0,1344.9,1295.8,49.1
1/31/18,0,1345.05,1296.6,48.45
2/1/18,0,1341.35,1297.4,43.95
2/2/18,0,1331.15,1298.1,33.05
2/3/18,1
2/4/18,1
2/5/18,0,1333.6,1298.8,34.8
2/6/18,0,1331.4,1299.4,32.0
2/7/18,0,1324.65,1300.0,24.65
2/8/18,0,1315.45,1300.6,14.85
2/9/18,0,1314.1,1301.0,13.1
2/10/18,1
2/11/18,1
2/12/18,0,1322.3,1301.4,20.9
2/13/18,0,1325.35,1301.9,23.45
2/14/18,0,1336.25,1302.4,33.85
2/15/18,0,1352.45,1303.0,49.45
2/16/18,0,1352.1,1303.8,48.3
2/17/18,1
2/18/18,1
2/19/18,0,1346.6,1304.6,42.0
2/20/18,0,1339.85,1305.4,34.45
2/21/18,0,1330.5,1306.0,24.5
2/22/18,0,1328.35,1306.6,21.75
2/23/18,0,1327.95,1307.1,20.85
2/24/18,1
2/25/18,1
2/26/18,0,1333.5,1307.6,25.9
2/27/18,0,1325.75,1308.1,17.65
2/28/18,0,1317.85,1308.6,9.25
3/1/18,0,1307.75,1308.9,1.15
3/2/18,0,1322.3,1309.2,13.1
3/3/18,1
3/4/18,1
3/5/18,0,1320.4,1309.6,10.8
3/6/18,0,1331.4,1310.0,21.4
3/7/18,0,1329.4,1310.5,18.9
3/8/18,0,1321.0,1311.0,10.0
3/9/18,0,1320.6,1311.3,9.3
3/10/18,1
3/11/18,1
3/12/18,0,1319.15,1311.7,7.45
3/13/18,0,1322.75,1312.1,10.65
3/14/18,0,1323.55,1312.4,11.15
3/15/18,0,1318.75,1312.8,5.95
3/16/18,0,1310.1,1313.2,3.1
3/17/18,1
3/18/18,1
3/19/18,0,1312.4,1313.4,1.0
3/20/18,0,1311.0,1313.6,2.6
3/21/18,0,1321.35,1313.9,7.45
3/22/18,0,1329.15,1314.2,14.95
3/23/18,0,1346.6,1314.7,31.9
3/24/18,1
3/25/18,1
3/26/18,0,1352.4,1315.3,37.1
3/27/18,0,1341.45,1315.9,25.55
3/28/18,0,1332.45,1316.5,15.95
3/29/18,0,1323.85,1316.9,6.95
3/30/18,1
3/31/18,1
4/1/18,1
4/2/18,1
4/3/18,0,1333.45,1317.3,16.15
4/4/18,0,1337.3,1317.7,19.6
4/5/18,0,1327.7,1318.2,9.5
4/6/18,0,1331.2,1318.6,12.6
4/7/18,1
4/8/18,1
4/9/18,0,1331.95,1319.0,12.95
4/10/18,0,1338.95,1319.4,19.55
4/11/18,0,1350.75,1319.9,30.85
4/12/18,0,1341.35,1320.5,20.85
4/13/18,0,1343.7,1321.0,22.7
4/14/18,1
4/15/18,1
4/16/18,0,1349.35,1321.5,27.85
4/17/18,0,1342.1,1322.1,20.0
4/18/18,0,1351.45,1322.6,28.85
4/19/18,0,1348.6,1323.2,25.4
4/20/18,0,1336.75,1323.7,13.05
4/21/18,1
4/22/18,1
4/23/18,0,1324.3,1324.1,0.2
4/24/18,0,1328.85,1324.4,4.45
4/25/18,0,1321.65,1324.8,3.15
4/26/18,0,1320.7,1325.0,4.3
4/27/18,0,1321.5,1325.3,3.8
4/28/18,1
4/29/18,1
4/30/18,0,1313.2,1325.5,12.3
5/1/18,0,1307.1,1325.7,18.6
5/2/18,0,1304.2,1325.8,21.6
5/3/18,0,1315.05,1325.8,10.75
5/4/18,0,1309.4,1326.0,16.6
5/5/18,1
5/6/18,1
5/7/18,1
5/8/18,0,1306.6,1326.1,19.5
5/9/18,0,1313.85,1326.2,12.35
5/10/18,0,1318.8,1326.4,7.6
5/11/18,0,1324.35,1326.6,2.25
5/12/18,1
5/13/18,1
5/14/18,0,1319.85,1326.8,6.95
5/15/18,0,1295.0,1327.0,32.0
5/16/18,0,1291.25,1327.0,35.75
5/17/18,0,1289.5,1326.9,37.4
5/18/18,0,1288.3,1326.8,38.5
5/19/18,1
5/20/18,1
5/21/18,0,1288.35,1326.7,38.35
5/22/18,0,1293.05,1326.6,33.55
5/23/18,0,1289.0,1326.5,37.5
5/24/18,0,1304.85,1326.4,21.55
5/25/18,0,1303.5,1326.5,23.0
5/26/18,1
5/27/18,1
5/28/18,1
5/29/18,0,1295.5,1326.5,31.0
5/30/18,0,1300.7,1326.5,25.8
5/31/18,0,1305.35,1326.5,21.15
6/1/18,0,1294.6,1326.6,32.0
6/2/18,1
6/3/18,1
6/4/18,0,1295.45,1326.5,31.05
6/5/18,0,1292.05,1326.5,34.45
6/6/18,0,1300.1,1326.4,26.3
6/7/18,0,1297.25,1326.4,29.15
6/8/18,0,1298.25,1326.4,28.15
6/9/18,1
6/10/18,1
6/11/18,0,1299.6,1326.4,26.8
6/12/18,0,1298.65,1326.4,27.75
6/13/18,0,1296.15,1326.4,30.25
6/14/18,0,1302.75,1326.4,23.65
6/15/18,0,1285.25,1326.4,41.15
6/16/18,1
6/17/18,1
6/18/18,0,1281.55,1326.3,44.75
6/19/18,0,1276.15,1326.1,49.95
6/20/18,0,1274.2,1325.9,51.7
6/21/18,0,1266.15,1325.7,59.55
6/22/18,0,1269.15,1325.4,56.25
6/23/18,1
6/24/18,1
6/25/18,0,1268.7,1325.1,56.4
6/26/18,0,1260.3,1324.8,64.5
6/27/18,0,1254.6,1324.4,69.8
6/28/18,0,1251.55,1324.0,72.45
6/29/18,0,1250.45,1323.6,73.15
6/30/18,1
7/1/18,1
7/2/18,0,1247.8,1323.2,75.4
7/3/18,0,1251.75,1322.7,70.95
7/4/18,0,1255.65,1322.3,66.65
7/5/18,0,1255.5,1321.9,66.4
7/6/18,0,1255.35,1321.5,66.15
7/7/18,1
7/8/18,1
7/9/18,0,1262.05,1321.1,59.05
7/10/18,0,1254.0,1320.8,66.8
7/11/18,0,1251.4,1320.4,69.0
7/12/18,0,1245.9,1320.0,74.1
7/13/18,0,1241.7,1319.6,77.9
7/14/18,1
7/15/18,1
7/16/18,0,1241.1,1319.1,78.0
7/17/18,0,1232.8,1318.6,85.8
7/18/18,0,1224.5,1318.0,93.5
7/19/18,0,1217.55,1317.4,99.85
7/20/18,0,1228.75,1316.7,87.95
7/21/18,1
7/22/18,1
7/23/18,0,1224.95,1316.2,91.25
7/24/18,0,1228.35,1315.5,87.15
7/25/18,0,1231.5,1315.0,83.5
7/26/18,0,1228.25,1314.4,86.15
7/27/18,0,1223.95,1313.9,89.95
7/28/18,1
7/29/18,1
7/30/18,0,1223.8,1313.3,89.5
7/31/18,0,1220.95,1312.7,91.75
8/1/18,0,1219.0,1312.1,93.1
8/2/18,0,1215.45,1311.4,95.95
8/3/18,0,1216.3,1310.8,94.5
8/4/18,1
8/5/18,1
8/6/18,0,1209.65,1310.1,100.45
8/7/18,0,1212.35,1309.4,97.05
8/8/18,0,1209.55,1308.8,99.25
8/9/18,0,1214.35,1308.1,93.75
8/10/18,0,1214.4,1307.5,93.1
8/11/18,1
8/12/18,1
8/13/18,0,1200.35,1306.8,106.45
8/14/18,0,1197.0,1306.1,109.1
8/15/18,0,1182.0,1305.3,123.3
8/16/18,0,1180.4,1304.4,124.0
8/17/18,0,1178.4,1303.5,125.1
8/18/18,1
8/19/18,1
8/20/18,0,1184.35,1302.6,118.25
8/21/18,0,1190.95,1301.8,110.85
8/22/18,0,1196.65,1301.0,104.35
8/23/18,0,1192.35,1300.2,107.85
8/24/18,0,1197.7,1299.5,101.8
8/25/18,1
8/26/18,1
8/27/18,1
8/28/18,0,1212.25,1298.8,86.55
8/29/18,0,1204.2,1298.2,94.0
8/30/18,0,1197.3,1297.5,100.2
8/31/18,0,1202.45,1296.8,94.35
9/1/18,1
9/2/18,1
9/3/18,0,1200.05,1296.2,96.15
9/4/18,0,1190.85,1295.5,104.65
9/5/18,0,1196.7,1294.8,98.1
9/6/18,0,1205.15,1294.1,88.95
9/7/18,0,1198.9,1293.5,94.6
9/8/18,1
9/9/18,1
9/10/18,0,1196.6,1292.8,96.2
9/11/18,0,1189.85,1292.1,102.25
9/12/18,0,1195.6,1291.4,95.8
9/13/18,0,1209.8,1290.8,81.0
9/14/18,0,1201.95,1290.2,88.25
9/15/18,1
9/16/18,1
9/17/18,0,1201.9,1289.6,87.7
9/18/18,0,1200.2,1289.0,88.8
9/19/18,0,1203.3,1288.4,85.1
9/20/18,0,1208.35,1287.8,79.45
9/21/18,0,1198.7,1287.3,88.6
9/22/18,1
9/23/18,1
9/24/18,0,1202.75,1286.6,83.85
9/25/18,0,1201.9,1286.1,84.2
9/26/18,0,1194.25,1285.5,91.25
9/27/18,0,1185.4,1284.9,99.5
9/28/18,0,1187.25,1284.2,96.95
9/29/18,1
9/30/18,1
10/1/18,0,1189.35,1283.5,94.15
10/2/18,0,1204.7,1282.8,78.1
10/3/18,0,1201.2,1282.3,81.1
10/4/18,0,1203.45,1281.7,78.25
10/5/18,0,1203.8,1281.2,77.4
10/6/18,1
10/7/18,1
10/8/18,0,1186.95,1280.7,93.75
10/9/18,0,1185.55,1280.0,94.45
10/10/18,0,1188.6,1279.3,90.7
10/11/18,0,1205.55,1278.7,73.15
10/12/18,0,1219.75,1278.2,58.45
10/13/18,1
10/14/18,1
10/15/18,0,1229.95,1277.8,47.85
10/16/18,0,1230.7,1277.5,46.8
10/17/18,0,1229.05,1277.2,48.15
10/18/18,0,1223.0,1276.9,53.9
10/19/18,0,1227.85,1276.6,48.75
10/20/18,1
10/21/18,1
10/22/18,0,1222.3,1276.2,53.9
10/23/18,0,1235.95,1275.9,39.95
10/24/18,0,1230.55,1275.6,45.05
10/25/18,0,1230.8,1275.3,44.5
10/26/18,0,1233.85,1275.1,41.25
10/27/18,1
10/28/18,1
10/29/18,0,1230.8,1274.8,44.0
10/30/18,0,1225.4,1274.5,49.1
10/31/18,0,1214.95,1274.2,59.25
11/1/18,0,1231.15,1273.8,42.65
11/2/18,0,1232.1,1273.5,41.4
11/3/18,1
11/4/18,1
11/5/18,0,1232.25,1273.3,41.05
11/6/18,0,1231.6,1273.0,41.4
11/7/18,0,1229.95,1272.8,42.85
11/8/18,0,1224.15,1272.5,48.35
11/9/18,0,1211.4,1272.2,60.8
11/10/18,1
11/11/18,1
11/12/18,0,1205.55,1271.8,66.25
11/13/18,0,1202.1,1271.3,69.2
11/14/18,0,1203.25,1270.8,67.55
11/15/18,0,1211.85,1270.4,58.55
11/16/18,0,1222.4,1270.0,47.6
11/17/18,1
11/18/18,1
11/19/18,0,1221.6,1269.7,48.1
11/20/18,0,1223.0,1269.4,46.4
11/21/18,0,1226.1,1269.1,43.0
11/22/18,0,1227.05,1268.8,41.75
11/23/18,0,1223.65,1268.5,44.85
11/24/18,1
11/25/18,1
11/26/18,0,1223.4,1268.2,44.8
11/27/18,0,1221.2,1267.9,46.7
11/28/18,0,1213.25,1267.6,54.35
11/29/18,0,1226.25,1267.3,41.05
11/30/18,0,1217.55,1267.0,49.45
12/1/18,1
12/2/18,1
12/3/18,0,1230.3,1266.7,36.4
12/4/18,0,1240.3,1266.4,26.1
12/5/18,0,1235.9,1266.3,30.4
12/6/18,0,1242.55,1266.1,23.55
12/7/18,0,1243.3,1265.9,22.6
12/8/18,1
12/9/18,1
12/10/18,0,1245.35,1265.8,20.45
12/11/18,0,1245.3,1265.7,20.4
12/12/18,0,1245.75,1265.5,19.75
12/13/18,0,1242.75,1265.4,22.65
12/14/18,0,1235.35,1265.3,29.95
12/15/18,1
12/16/18,1
12/17/18,0,1241.65,1265.1,23.45
12/18/18,0,1246.3,1264.9,18.6
12/19/18,0,1255.0,1264.8,9.8
12/20/18,0,1259.75,1264.8,5.05
12/21/18,0,1258.15,1264.8,6.65
12/22/18,1
12/23/18,1
12/24/18,1
12/25/18,1
12/26/18,1
12/27/18,0,1268.0,1264.7,3.3
12/28/18,0,1279.0,1264.8,14.2
12/29/18,1
12/30/18,1
12/31/18,1
1/1/19,1
1/2/19,0,1282.9,1264.9,18.0
1/3/19,0,1290.45,1265.0,25.45
1/4/19,0,1279.9,1265.2,14.7
1/5/19,1
1/6/19,1
1/7/19,0,1292.2,1265.3,26.9
1/8/19,0,1286.45,1265.5,20.95
1/9/19,0,1288.6,1265.7,22.9
1/10/19,0,1291.9,1265.9,26.0
1/11/19,0,1288.95,1266.1,22.85
1/12/19,1
1/13/19,1
1/14/19,0,1292.75,1266.3,26.45
1/15/19,0,1294.4,1266.5,27.9
1/16/19,0,1292.3,1266.7,25.6
1/17/19,0,1290.7,1266.9,23.8
1/18/19,0,1284.2,1267.0,17.2
1/19/19,1
1/20/19,1
1/21/19,0,1279.55,1267.2,12.35
1/22/19,0,1282.1,1267.3,14.8
1/23/19,0,1279.8,1267.4,12.4
1/24/19,0,1283.7,1267.5,16.2
1/25/19,0,1293.9,1267.6,26.3
1/26/19,1
1/27/19,1
1/28/19,0,1302.15,1267.8,34.35
1/29/19,0,1307.55,1268.1,39.45
1/30/19,0,1310.7,1268.4,42.3
1/31/19,0,1323.25,1268.7,54.55
2/1/19,0,1318.7,1269.1,49.6
2/2/19,1
2/3/19,1
2/4/19,0,1312.15,1269.4,42.75
2/5/19,0,1314.2,1269.8,44.4
2/6/19,0,1312.4,1270.1,42.3
2/7/19,0,1310.0,1270.4,39.6
2/8/19,0,1314.85,1270.7,44.15
2/9/19,1
2/10/19,1
2/11/19,0,1306.4,1271.0,35.4
2/12/19,0,1310.0,1271.3,38.7
2/13/19,0,1312.8,1271.6,41.2
2/14/19,0,1311.45,1271.9,39.55
2/15/19,0,1316.55,1272.2,44.35
2/16/19,1
2/17/19,1
2/18/19,0,1325.5,1272.5,53.0
2/19/19,0,1334.15,1272.9,61.25
2/20/19,0,1343.75,1273.3,70.45
2/21/19,0,1331.25,1273.8,57.45
2/22/19,0,1329.05,1274.2,54.85
2/23/19,1
2/24/19,1
2/25/19,0,1331.05,1274.6,56.45
2/26/19,0,1325.05,1275.0,50.05
2/27/19,0,1322.85,1275.4,47.45
2/28/19,0,1319.15,1275.7,43.45
3/1/19,0,1311.95,1276.0,35.95
3/2/19,1
3/3/19,1
3/4/19,0,1285.4,1276.3,9.1
3/5/19,0,1283.8,1276.4,7.4
3/6/19,0,1285.85,1276.5,9.35
3/7/19,0,1285.3,1276.6,8.7
3/8/19,0,1296.75,1276.7,20.05
3/9/19,1
3/10/19,1
3/11/19,0,1292.75,1276.9,15.85
3/12/19,0,1297.05,1277.0,20.05
3/13/19,0,1306.95,1277.2,29.75
3/14/19,0,1295.55,1277.4,18.15
3/15/19,0,1303.5,1277.6,25.9
3/16/19,1
3/17/19,1
3/18/19,0,1305.6,1277.8,27.8
3/19/19,0,1307.7,1278.0,29.7
3/20/19,0,1303.7,1278.3,25.4
3/21/19,0,1309.6,1278.5,31.1
3/22/19,0,1311.3,1278.7,32.6
3/23/19,1
3/24/19,1
3/25/19,0,1319.55,1279.0,40.55
3/26/19,0,1316.3,1279.3,37.0
3/27/19,0,1309.7,1279.6,30.1
3/28/19,0,1295.15,1279.8,15.35
3/29/19,0,1295.4,1280.0,15.4
3/30/19,1
3/31/19,1
4/1/19,0,1293.5,1280.1,13.4
4/2/19,0,1290.3,1280.2,10.1
4/3/19,0,1290.45,1280.3,10.15
4/4/19,0,1283.15,1280.5,2.65
4/5/19,0,1288.45,1280.5,7.95
4/6/19,1
4/7/19,1
4/8/19,0,1300.0,1280.6,19.4
4/9/19,0,1303.0,1280.8,22.2
4/10/19,0,1305.45,1281.0,24.45
4/11/19,0,1298.8,1281.2,17.6
4/12/19,0,1294.3,1281.4,12.9
4/13/19,1
4/14/19,1
4/15/19,0,1285.65,1281.5,4.15
4/16/19,0,1276.35,1281.6,5.25
4/17/19,0,1275.85,1281.6,5.75
4/18/19,0,1275.7,1281.6,5.9
4/19/19,1
4/20/19,1
4/21/19,1
4/22/19,1
4/23/19,0,1269.5,1281.6,12.1
4/24/19,0,1271.65,1281.6,9.95
4/25/19,0,1280.8,1281.6,0.8
4/26/19,0,1284.2,1281.6,2.6
4/27/19,1
4/28/19,1
4/29/19,0,1279.5,1281.7,2.2
4/30/19,0,1282.3,1281.7,0.6
5/1/19,0,1283.8,1281.8,2.0
5/2/19,0,1270.95,1281.9,10.95
5/3/19,0,1278.55,1281.8,3.25
5/4/19,1
5/5/19,1
5/6/19,1
5/7/19,0,1281.2,1281.9,0.7
5/8/19,0,1285.2,1281.9,3.3
5/9/19,0,1286.1,1282.0,4.1
5/10/19,0,1287.1,1282.1,5.0
5/11/19,1
5/12/19,1
5/13/19,0,1295.6,1282.1,13.5
5/14/19,0,1298.4,1282.3,16.1
5/15/19,0,1299.1,1282.4,16.7
5/16/19,0,1291.7,1282.6,9.1
5/17/19,0,1280.8,1282.7,1.9
5/18/19,1
5/19/19,1
5/20/19,0,1276.85,1282.7,5.85
5/21/19,0,1271.15,1282.7,11.55
5/22/19,0,1273.8,1282.7,8.9
5/23/19,0,1283.65,1282.7,0.95
5/24/19,0,1282.5,1282.8,0.3
5/25/19,1
5/26/19,1
5/27/19,1
5/28/19,0,1278.3,1282.8,4.5
5/29/19,0,1281.65,1282.9,1.25
5/30/19,0,1280.95,1282.9,1.95
5/31/19,0,1295.55,1282.9,12.65
6/1/19,1
6/2/19,1
6/3/19,0,1317.1,1283.1,34.0
6/4/19,0,1324.25,1283.3,40.95
6/5/19,0,1335.05,1283.6,51.45
6/6/19,0,1335.5,1284.0,51.5
6/7/19,0,1340.65,1284.3,56.35
6/8/19,1
6/9/19,1
6/10/19,0,1328.6,1284.7,43.9
6/11/19,0,1324.3,1285.0,39.3
6/12/19,0,1332.35,1285.3,47.05
6/13/19,0,1335.9,1285.7,50.2
6/14/19,0,1351.25,1286.0,65.25
6/15/19,1
6/16/19,1
6/17/19,0,1341.3,1286.5,54.8
6/18/19,0,1341.35,1286.8,54.55
6/19/19,0,1344.05,1287.2,56.85
6/20/19,0,1379.5,1287.6,91.9
6/21/19,0,1397.15,1288.2,108.95
6/22/19,1
6/23/19,1
6/24/19,0,1405.7,1288.9,116.8
6/25/19,0,1431.4,1289.6,141.8
6/26/19,0,1403.95,1290.5,113.45
6/27/19,0,1402.5,1291.3,111.2
6/28/19,0,1409.0,1292.0,117.0
6/29/19,1
6/30/19,1
7/1/19,0,1390.1,1292.7,97.4
7/2/19,0,1391.05,1293.4,97.65
7/3/19,0,1413.5,1294.0,119.5
7/4/19,0,1414.9,1294.8,120.1
7/5/19,0,1388.65,1295.5,93.15
7/6/19,1
7/7/19,1
7/8/19,0,1400.1,1296.2,103.9
7/9/19,0,1391.55,1296.8,94.75
7/10/19,0,1408.3,1297.5,110.8
7/11/19,0,1413.75,1298.2,115.55
7/12/19,0,1407.6,1298.9,108.7
7/13/19,1
7/14/19,1
7/15/19,0,1412.4,1299.6,112.8
7/16/19,0,1409.85,1300.4,109.45
7/17/19,0,1410.35,1301.1,109.25
7/18/19,0,1417.45,1301.8,115.65
7/19/19,0,1439.7,1302.6,137.1
7/20/19,1
7/21/19,1
7/22/19,0,1427.75,1303.4,124.35
7/23/19,0,1425.55,1304.2,121.35
7/24/19,0,1426.95,1305.0,121.95
7/25/19,0,1416.1,1305.8,110.3
7/26/19,0,1420.4,1306.5,113.9
7/27/19,1
7/28/19,1
7/29/19,0,1419.05,1307.3,111.75
7/30/19,0,1425.9,1308.0,117.9
7/31/19,0,1427.55,1308.8,118.75
8/1/19,0,1406.8,1309.6,97.2
8/2/19,0,1441.75,1310.2,131.55
8/3/19,1
8/4/19,1
8/5/19,0,1465.25,1311.1,154.15
8/6/19,0,1465.25,1312.1,153.15
8/7/19,0,1506.05,1313.1,192.95
8/8/19,0,1495.75,1314.3,181.45
8/9/19,0,1497.7,1315.4,182.3
8/10/19,1
8/11/19,1
8/12/19,0,1504.7,1316.6,188.1
8/13/19,0,1498.4,1317.7,180.7
8/14/19,0,1513.25,1318.9,194.35
8/15/19,0,1515.65,1320.1,195.55
8/16/19,0,1515.25,1321.3,193.95
8/17/19,1
8/18/19,1
8/19/19,0,1496.6,1322.6,174.0
8/20/19,0,1504.55,1323.7,180.85
8/21/19,0,1503.25,1324.8,178.45
8/22/19,0,1502.05,1326.0,176.05
8/23/19,0,1503.8,1327.1,176.7
8/24/19,1
8/25/19,1
8/26/19,1
8/27/19,0,1532.95,1328.2,204.75
8/28/19,0,1537.15,1329.5,207.65
8/29/19,0,1540.2,1330.9,209.3
8/30/19,0,1528.4,1332.2,196.2
8/31/19,1
9/1/19,1
9/2/19,0,1525.95,1333.4,192.55
9/3/19,0,1537.85,1334.7,203.15
9/4/19,0,1546.1,1336.0,210.1
9/5/19,0,1529.1,1337.3,191.8
9/6/19,0,1523.7,1338.5,185.2
9/7/19,1
9/8/19,1
9/9/19,0,1509.2,1339.7,169.5
9/10/19,0,1498.25,1340.9,157.35
9/11/19,0,1490.65,1341.9,148.75
9/12/19,0,1515.2,1342.9,172.3
9/13/19,0,1503.1,1344.1,159.0
9/14/19,1
9/15/19,1
9/16/19,0,1497.2,1345.1,152.1
9/17/19,0,1502.1,1346.1,156.0
9/18/19,0,1503.5,1347.2,156.3
9/19/19,0,1500.7,1348.2,152.5
9/20/19,0,1501.9,1349.3,152.6
9/21/19,1
9/22/19,1
9/23/19,0,1522.1,1350.3,171.8
9/24/19,0,1520.65,1351.4,169.25
9/25/19,0,1528.75,1352.6,176.15
9/26/19,0,1506.4,1353.7,152.7
9/27/19,0,1489.9,1354.8,135.1
9/28/19,1
9/29/19,1
9/30/19,0,1485.3,1355.7,129.6
10/1/19,0,1473.45,1356.6,116.85
10/2/19,0,1492.6,1357.5,135.1
10/3/19,0,1517.1,1358.4,158.7
10/4/19,0,1499.15,1359.5,139.65
10/5/19,1
10/6/19,1
10/7/19,0,1501.25,1360.5,140.75
10/8/19,0,1505.85,1361.5,144.35
10/9/19,0,1507.25,1362.5,144.75
10/10/19,0,1494.8,1363.5,131.3
10/11/19,0,1479.15,1364.4,114.75
10/12/19,1
10/13/19,1
10/14/19,0,1490.6,1365.3,125.3
10/15/19,0,1487.8,1366.2,121.6
10/16/19,0,1485.1,1367.0,118.1
10/17/19,0,1492.65,1367.9,124.75
10/18/19,0,1490.0,1368.8,121.2
10/19/19,1
10/20/19,1
10/21/19,0,1491.65,1369.7,121.95
10/22/19,0,1485.35,1370.6,114.75
10/23/19,0,1494.45,1371.4,123.05
10/24/19,0,1496.55,1372.3,124.25
10/25/19,0,1513.45,1373.2,140.25
10/26/19,1
10/27/19,1
10/28/19,0,1492.4,1374.2,118.2
10/29/19,0,1486.75,1375.1,111.65
10/30/19,0,1492.1,1375.9,116.2
10/31/19,0,1510.95,1376.8,134.15
11/1/19,0,1508.8,1377.7,131.1
11/2/19,1
11/3/19,1
11/4/19,0,1509.45,1378.7,130.75
11/5/19,0,1488.95,1379.6,109.35
11/6/19,0,1486.05,1380.5,105.55
11/7/19,0,1484.25,1381.3,102.95
11/8/19,0,1464.15,1382.1,82.05
11/9/19,1
11/10/19,1
11/11/19,0,1458.7,1382.8,75.9
11/12/19,0,1452.05,1383.4,68.65
11/13/19,0,1462.9,1384.0,78.9
11/14/19,0,1466.65,1384.7,81.95
11/15/19,0,1466.9,1385.4,81.5
11/16/19,1
11/17/19,1
11/18/19,0,1467.65,1386.1,81.55
11/19/19,0,1468.45,1386.7,81.75
11/20/19,0,1471.7,1387.4,84.3
11/21/19,0,1467.05,1388.1,78.95
11/22/19,0,1464.45,1388.8,75.65
11/23/19,1
11/24/19,1
11/25/19,0,1458.4,1389.4,69.0
11/26/19,0,1454.65,1390.1,64.55
11/27/19,0,1454.35,1390.7,63.65
11/28/19,0,1454.65,1391.2,63.45
11/29/19,0,1460.15,1391.8,68.35
11/30/19,1
12/1/19,1
12/2/19,0,1461.15,1392.5,68.65
12/3/19,0,1477.3,1393.1,84.2
12/4/19,0,1475.1,1393.8,81.3
12/5/19,0,1475.95,1394.5,81.45
12/6/19,0,1459.65,1395.2,64.45
12/7/19,1
12/8/19,1
12/9/19,0,1461.7,1395.8,65.9
12/10/19,0,1464.95,1396.4,68.55
12/11/19,0,1466.8,1397.0,69.8
12/12/19,0,1467.8,1397.6,70.2
12/13/19,0,1466.6,1398.2,68.4
12/14/19,1
12/15/19,1
12/16/19,0,1477.9,1398.9,79.0
12/17/19,0,1475.8,1399.5,76.3
12/18/19,0,1474.05,1400.2,73.85
12/19/19,0,1476.7,1400.9,75.8
12/20/19,0,1479.0,1401.5,77.5
12/21/19,1
12/22/19,1
12/23/19,0,1482.1,1402.2,79.9
12/24/19,1
12/25/19,1
12/26/19,1
12/27/19,0,1511.5,1402.9,108.6
12/28/19,1
12/29/19,1
12/30/19,0,1514.75,1403.7,111.05
12/31/19,1
1/1/20,1
1/2/20,0,1527.1,1404.6,122.5
1/3/20,0,1548.75,1405.5,143.25
1/4/20,1
1/5/20,1
1/6/20,0,1573.1,1406.5,166.6
1/7/20,0,1567.85,1407.7,160.15
1/8/20,0,1571.95,1408.8,163.15
1/9/20,0,1550.75,1409.9,140.85
1/10/20,0,1553.6,1410.9,142.7
1/11/20,1
1/12/20,1
1/13/20,0,1549.9,1412.0,137.9
1/14/20,0,1545.1,1413.0,132.1
1/15/20,0,1549.0,1413.9,135.1
1/16/20,0,1554.55,1414.9,139.65
1/17/20,0,1557.6,1416.0,141.6
1/18/20,1
1/19/20,1
1/20/20,0,1560.15,1417.0,143.15
1/21/20,0,1551.3,1418.0,133.3
1/22/20,0,1556.9,1419.0,137.9
1/23/20,0,1562.9,1420.0,142.9
1/24/20,0,1564.3,1421.1,143.2
1/25/20,1
1/26/20,1
1/27/20,0,1580.1,1422.1,158.0
1/28/20,0,1574.0,1423.2,150.8
1/29/20,0,1573.45,1424.3,149.15
1/30/20,0,1578.25,1425.4,152.85
1/31/20,0,1584.2,1426.5,157.7
2/1/20,1
2/2/20,1
2/3/20,0,1574.75,1427.6,147.15
2/4/20,0,1558.35,1428.7,129.65
2/5/20,0,1553.3,1429.7,123.6
2/6/20,0,1563.3,1430.6,132.7
2/7/20,0,1572.65,1431.6,141.05
2/8/20,1
2/9/20,1
2/10/20,0,1573.2,1432.7,140.5
2/11/20,0,1570.5,1433.7,136.8
2/12/20,0,1563.7,1434.7,129.0
2/13/20,0,1575.05,1435.7,139.35
2/14/20,0,1581.4,1436.7,144.7
2/15/20,1
2/16/20,1
2/17/20,0,1580.8,1437.8,143.0
2/18/20,0,1589.85,1438.9,150.95
2/19/20,0,1604.2,1440.0,164.2
2/20/20,0,1619.0,1441.1,177.9
2/21/20,0,1643.3,1442.4,200.9
2/22/20,1
2/23/20,1
2/24/20,0,1671.65,1443.7,227.95
2/25/20,0,1650.3,1445.3,205.0
2/26/20,0,1634.9,1446.6,188.3
2/27/20,0,1652.0,1448.0,204.0
2/28/20,0,1609.85,1449.3,160.55
2/29/20,1
3/1/20,1
3/2/20,0,1599.65,1450.5,149.15
3/3/20,0,1615.5,1451.6,163.9
3/4/20,0,1641.85,1452.8,189.05
3/5/20,0,1659.6,1454.1,205.5
3/6/20,0,1683.65,1455.5,228.15
3/7/20,1
3/8/20,1
3/9/20,0,1672.5,1457.0,215.5
3/10/20,0,1655.7,1458.5,197.2
3/11/20,0,1653.75,1459.9,193.85
3/12/20,0,1570.7,1461.2,109.5
3/13/20,0,1562.8,1462.1,100.7
3/14/20,1
3/15/20,1
3/16/20,0,1487.7,1463.0,24.7
3/17/20,0,1536.2,1463.5,72.7
3/18/20,0,1498.2,1464.2,34.0
3/19/20,0,1474.25,1464.8,9.45
3/20/20,0,1494.4,1465.2,29.2
3/21/20,1
3/22/20,1
3/23/20,0,1525.4,1465.7,59.7
3/24/20,0,1605.75,1466.3,139.45
3/25/20,0,1605.45,1467.4,138.05
3/26/20,0,1634.8,1468.5,166.3
3/27/20,0,1617.3,1469.7,147.6
3/28/20,1
3/29/20,1
3/30/20,0,1618.3,1470.8,147.5
3/31/20,0,1608.95,1471.9,137.05
4/1/20,0,1576.55,1473.0,103.55
4/2/20,0,1616.8,1473.9,142.9
4/3/20,0,1613.1,1475.0,138.1
4/4/20,1
4/5/20,1
4/6/20,0,1648.3,1476.0,172.3
4/7/20,0,1649.25,1477.3,171.95
4/8/20,0,1647.8,1478.5,169.3
4/9/20,0,1680.65,1479.8,200.85
4/10/20,1
4/11/20,1
4/12/20,1
4/13/20,1
4/14/20,0,1741.9,1481.2,260.7
4/15/20,0,1718.65,1482.9,235.75
4/16/20,0,1729.5,1484.5,245.0
4/17/20,0,1692.55,1486.1,206.45
4/18/20,1
4/19/20,1
4/20/20,0,1686.2,1487.5,198.7
4/21/20,0,1682.05,1488.9,193.15
4/22/20,0,1710.55,1490.3,220.25
4/23/20,0,1736.25,1491.8,244.45
4/24/20,0,1715.9,1493.4,222.5
4/25/20,1
4/26/20,1
4/27/20,0,1714.95,1495.0,219.95
4/28/20,0,1691.55,1496.5,195.05
4/29/20,0,1703.35,1497.9,205.45
4/30/20,0,1702.75,1499.3,203.45
5/1/20,0,1686.25,1500.8,185.45
5/2/20,1
5/3/20,1
5/4/20,0,1709.1,1502.1,207.0
5/5/20,0,1699.55,1503.6,195.95
5/6/20,0,1691.5,1505.0,186.5
5/7/20,0,1704.05,1506.3,197.75
5/8/20,1
5/9/20,1
5/10/20,1
5/11/20,0,1702.75,1507.8,194.95
5/12/20,0,1702.4,1509.2,193.2
5/13/20,0,1708.4,1510.6,197.8
5/14/20,0,1731.6,1512.0,219.6
5/15/20,0,1735.35,1513.5,221.85
5/16/20,1
5/17/20,1
5/18/20,0,1734.7,1515.1,219.6
5/19/20,0,1737.95,1516.6,221.35
5/20/20,0,1748.3,1518.2,230.1
5/21/20,0,1724.9,1519.8,205.1
5/22/20,0,1733.55,1521.2,212.35
5/23/20,1
5/24/20,1
5/25/20,1
5/26/20,0,1720.25,1522.7,197.55
5/27/20,0,1694.6,1524.2,170.4
5/28/20,0,1717.35,1525.5,191.85
5/29/20,0,1728.7,1526.9,201.8
5/30/20,1
5/31/20,1
6/1/20,0,1730.6,1528.3,202.3
6/2/20,0,1742.15,1529.8,212.35
6/3/20,0,1705.35,1531.3,174.05
6/4/20,0,1700.05,1532.7,167.35
6/5/20,0,1683.45,1534.0,149.45
6/6/20,1
6/7/20,1
6/8/20,0,1690.35,1535.2,155.15
6/9/20,0,1713.5,1536.4,177.1
6/10/20,0,1722.05,1537.8,184.25
6/11/20,0,1738.25,1539.1,199.15
6/12/20,0,1733.5,1540.6,192.9
6/13/20,1
6/14/20,1
6/15/20,0,1710.45,1542.0,168.45
6/16/20,0,1719.85,1543.4,176.45
6/17/20,0,1724.35,1544.7,179.65
6/18/20,0,1719.5,1546.1,173.4
6/19/20,0,1734.75,1547.4,187.35
6/20/20,1
6/21/20,1
6/22/20,0,1761.85,1548.8,213.05
6/23/20,0,1768.9,1550.4,218.5
6/24/20,0,1766.05,1552.0,214.05
6/25/20,0,1756.55,1553.5,203.05
6/26/20,0,1747.6,1555.0,192.6
6/27/20,1
6/28/20,1
6/29/20,0,1771.6,1556.5,215.1
6/30/20,0,1768.1,1558.0,210.1
7/1/20,0,1771.05,1559.6,211.45
7/2/20,0,1777.45,1561.1,216.35
7/3/20,0,1772.9,1562.7,210.2
7/4/20,1
7/5/20,1
7/6/20,0,1787.9,1564.2,223.7
7/7/20,0,1789.55,1565.8,223.75
7/8/20,0,1811.1,1567.5,243.6
7/9/20,0,1812.1,1569.2,242.9
7/10/20,0,1803.1,1570.9,232.2
7/11/20,1
7/12/20,1
7/13/20,0,1807.5,1572.6,234.9
7/14/20,0,1801.9,1574.2,227.7
7/15/20,0,1804.6,1575.9,228.7
7/16/20,0,1807.7,1577.5,230.2
7/17/20,0,1807.35,1579.2,228.15
7/18/20,1
7/19/20,1
7/20/20,0,1815.65,1580.9,234.75
7/21/20,0,1842.55,1582.6,259.95
7/22/20,0,1852.4,1584.4,268.0
7/23/20,0,1878.3,1586.2,292.1
7/24/20,0,1902.1,1588.2,313.9
7/25/20,1
7/26/20,1
7/27/20,0,1936.65,1590.3,346.35
7/28/20,0,1940.9,1592.6,348.3
7/29/20,0,1950.9,1594.8,356.1
7/30/20,0,1957.65,1597.2,360.45
7/31/20,0,1964.9,1599.5,365.4
8/1/20,1
8/2/20,1
8/3/20,0,1958.55,1601.9,356.65
8/4/20,0,1977.9,1604.2,373.7
8/5/20,0,2048.15,1606.6,441.55
8/6/20,0,2067.15,1609.4,457.75
8/7/20,0,2031.15,1612.2,418.95
8/8/20,1
8/9/20,1
8/10/20,0,2044.5,1614.9,429.6
8/11/20,0,1939.65,1617.6,322.05
8/12/20,0,1931.9,1619.8,312.1
8/13/20,0,1944.25,1621.9,322.35
8/14/20,0,1944.75,1624.1,320.65
8/15/20,1
8/16/20,1
8/17/20,0,1972.85,1626.3,346.55
8/18/20,0,2008.75,1628.6,380.15
8/19/20,0,1981.0,1631.1,349.9
8/20/20,0,1927.15,1633.4,293.75
8/21/20,0,1924.35,1635.5,288.85
8/22/20,1
8/23/20,1
8/24/20,0,1943.95,1637.5,306.45
8/25/20,0,1911.15,1639.7,271.45
8/26/20,0,1932.95,1641.6,291.35
8/27/20,0,1923.85,1643.7,280.15
8/28/20,0,1957.35,1645.7,311.65
8/29/20,1
8/30/20,1
8/31/20,1
9/1/20,0,1972.35,1647.9,324.45
9/2/20,0,1947.05,1650.1,296.95
9/3/20,0,1940.45,1652.2,288.25
9/4/20,0,1926.3,1654.3,272.0
9/5/20,1
9/6/20,1
9/7/20,0,1928.45,1656.3,272.15
9/8/20,0,1910.95,1658.3,252.65
9/9/20,0,1947.2,1660.2,287.0
9/10/20,0,1966.25,1662.3,303.95
9/11/20,0,1947.4,1664.4,283.0
9/12/20,1
9/13/20,1
9/14/20,0,1958.7,1666.5,292.2
9/15/20,0,1949.35,1668.6,280.75
9/16/20,0,1961.8,1670.6,291.2
9/17/20,0,1936.25,1672.7,263.55
9/18/20,0,1950.85,1674.7,276.15
9/19/20,1
9/20/20,1
9/21/20,0,1909.35,1676.8,232.55
9/22/20,0,1906.0,1678.6,227.4
9/23/20,0,1873.4,1680.4,193.0
9/24/20,0,1861.75,1682.0,179.75
9/25/20,0,1859.7,1683.6,176.1
9/26/20,1
9/27/20,1
9/28/20,0,1864.3,1685.1,179.2
9/29/20,0,1883.95,1686.7,197.25
9/30/20,0,1886.9,1688.4,198.5
10/1/20,0,1902.0,1690.0,212.0
10/2/20,0,1903.05,1691.8,211.25
10/3/20,1
10/4/20,1
10/5/20,0,1909.6,1693.5,216.1
10/6/20,0,1913.4,1695.3,218.1
10/7/20,0,1884.5,1697.1,187.4
10/8/20,0,1887.45,1698.7,188.75
10/9/20,0,1923.25,1700.3,222.95
10/10/20,1
10/11/20,1
10/12/20,0,1925.5,1702.1,223.4
10/13/20,0,1891.3,1703.9,187.4
10/14/20,0,1910.05,1705.6,204.45
10/15/20,0,1891.9,1707.3,184.6
10/16/20,0,1905.05,1708.9,196.15
10/17/20,1
10/18/20,1
10/19/20,0,1905.6,1710.6,195.0
10/20/20,0,1898.4,1712.3,186.1
10/21/20,0,1924.15,1713.9,210.25
10/22/20,0,1900.95,1715.6,185.35
10/23/20,0,1903.65,1717.3,186.35
10/24/20,1
10/25/20,1
10/26/20,0,1898.45,1718.9,179.55
10/27/20,0,1905.7,1720.5,185.2
10/28/20,0,1869.95,1722.2,147.75
10/29/20,0,1870.3,1723.6,146.7
10/30/20,0,1881.85,1725.1,156.75
10/31/20,1
11/1/20,1
11/2/20,0,1889.9,1726.6,163.3
11/3/20,0,1908.3,1728.1,180.2
11/4/20,0,1900.15,1729.7,170.45
11/5/20,0,1938.45,1731.3,207.15
11/6/20,0,1940.8,1733.1,207.7
11/7/20,1
11/8/20,1
11/9/20,0,1867.3,1734.8,132.5
11/10/20,0,1878.7,1736.2,142.5
11/11/20,0,1860.95,1737.7,123.25
11/12/20,0,1874.85,1739.0,135.85
11/13/20,0,1890.9,1740.5,150.4
11/14/20,1
11/15/20,1
11/16/20,0,1885.6,1742.0,143.6
11/17/20,0,1889.05,1743.4,145.65
11/18/20,0,1876.1,1744.9,131.2
11/19/20,0,1857.35,1746.3,111.05
11/20/20,0,1875.7,1747.6,128.1
11/21/20,1
11/22/20,1
11/23/20,0,1840.2,1749.0,91.2
11/24/20,0,1799.6,1750.2,49.4
11/25/20,0,1810.2,1751.2,59.0
11/26/20,0,1807.4,1752.2,55.2
11/27/20,0,1779.3,1753.3,26.0
11/28/20,1
11/29/20,1
11/30/20,0,1762.55,1754.2,8.35
12/1/20,0,1810.75,1755.0,55.75
12/2/20,0,1822.6,1756.0,66.6
12/3/20,0,1832.35,1757.1,75.25
12/4/20,0,1843.0,1758.3,84.7
12/5/20,1
12/6/20,1
12/7/20,0,1859.95,1759.5,100.45
12/8/20,0,1868.15,1760.7,107.45
12/9/20,0,1841.75,1762.0,79.75
12/10/20,0,1844.35,1763.2,81.15
12/11/20,0,1842.0,1764.3,77.7
12/12/20,1
12/13/20,1
12/14/20,0,1831.15,1765.5,65.65
12/15/20,0,1850.65,1766.6,84.05
12/16/20,0,1851.95,1767.8,84.15
12/17/20,0,1890.75,1769.0,121.75
12/18/20,0,1879.75,1770.3,109.45
12/19/20,1
12/20/20,1
12/21/20,0,1880.0,1771.7,108.3
12/22/20,0,1877.1,1773.0,104.1
12/23/20,0,1875.0,1774.2,100.8
12/24/20,1
12/25/20,1
12/26/20,1
12/27/20,1
12/28/20,1
12/29/20,0,1874.3,1775.5,98.8
12/30/20,0,1887.6,1776.8,110.8
12/31/20,1
1/1/21,1
1/2/21,1
1/3/21,1
1/4/21,0,1943.2,1778.1,165.1
1/5/21,0,1940.35,1779.7,160.65
1/6/21,0,1931.95,1781.2,150.75
1/7/21,0,1920.1,1782.8,137.3
1/8/21,0,1862.9,1784.2,78.7
1/9/21,1
1/10/21,1
1/11/21,0,1847.25,1785.4,61.85
1/12/21,0,1841.25,1786.5,54.75
1/13/21,0,1858.85,1787.6,71.25
1/14/21,0,1841.75,1788.7,53.05
1/15/21,0,1839.0,1789.8,49.2
1/16/21,1
1/17/21,1
1/18/21,0,1833.05,1790.8,42.25
1/19/21,0,1834.7,1791.8,42.9
1/20/21,0,1856.6,1792.8,63.8
1/21/21,0,1862.1,1793.9,68.2
1/22/21,0,1852.7,1795.1,57.6
1/23/21,1
1/24/21,1
1/25/21,0,1856.85,1796.2,60.65
1/26/21,0,1856.6,1797.3,59.3
1/27/21,0,1843.0,1798.4,44.6
1/28/21,0,1853.7,1799.4,54.3
1/29/21,0,1863.8,1800.4,63.4
1/30/21,1
1/31/21,1
2/1/21,0,1862.95,1801.6,61.35
2/2/21,0,1833.1,1802.7,30.4
2/3/21,0,1835.45,1803.6,31.85
2/4/21,0,1785.9,1804.6,18.7
2/5/21,0,1802.95,1805.3,2.35
2/6/21,1
2/7/21,1
2/8/21,0,1835.25,1806.1,29.15
2/9/21,0,1839.6,1807.1,32.5
2/10/21,0,1842.65,1808.1,34.55
2/11/21,0,1840.1,1809.1,31.0
2/12/21,0,1816.35,1810.0,6.35
2/13/21,1
2/14/21,1
2/15/21,0,1817.3,1810.9,6.4
2/16/21,0,1794.25,1811.7,17.45
2/17/21,0,1780.7,1812.5,31.8
2/18/21,0,1773.15,1813.2,40.05
2/19/21,0,1786.2,1813.8,27.6
2/20/21,1
2/21/21,1
2/22/21,0,1807.45,1814.5,7.05
2/23/21,0,1799.65,1815.3,15.65
2/24/21,0,1788.0,1816.0,28.0
2/25/21,0,1779.65,1816.7,37.05
2/26/21,0,1742.85,1817.4,74.55
2/27/21,1
2/28/21,1
3/1/21,0,1734.15,1817.9,83.75
3/2/21,0,1723.85,1818.3,94.45
3/3/21,0,1711.4,1818.7,107.3
3/4/21,0,1712.1,1819.0,106.9
3/5/21,0,1696.25,1819.4,123.15
3/6/21,1
3/7/21,1
3/8/21,0,1687.05,1819.6,132.55
3/9/21,0,1716.9,1819.8,102.9
3/10/21,0,1716.2,1820.2,104.0
3/11/21,0,1724.25,1820.5,96.25
3/12/21,0,1704.8,1820.9,116.1
3/13/21,1
3/14/21,1
3/15/21,0,1723.65,1821.2,97.55
3/16/21,0,1735.0,1821.6,86.6
3/17/21,0,1729.65,1822.0,92.35
3/18/21,0,1725.9,1822.4,96.5
3/19/21,0,1735.2,1822.8,87.6
3/20/21,1
3/21/21,1
3/22/21,0,1736.15,1823.2,87.05
3/23/21,0,1726.2,1823.6,97.4
3/24/21,0,1730.5,1824.0,93.5
3/25/21,0,1737.3,1824.4,87.1
3/26/21,0,1731.8,1824.8,93.0
3/27/21,1
3/28/21,1
3/29/21,0,1705.95,1825.2,119.25
3/30/21,0,1683.95,1825.5,141.55
3/31/21,0,1691.05,1825.7,134.65
4/1/21,0,1726.05,1825.9,99.85
4/2/21,1
4/3/21,1
4/4/21,1
4/5/21,1
4/6/21,0,1744.65,1826.2,81.55
4/7/21,0,1738.05,1826.7,88.65
4/8/21,0,1755.5,1827.1,71.6
4/9/21,0,1741.2,1827.6,86.4
4/10/21,1
4/11/21,1
4/12/21,0,1732.85,1828.0,95.15
4/13/21,0,1747.95,1828.4,80.45
4/14/21,0,1735.55,1828.8,93.25
4/15/21,0,1757.2,1829.2,72.0
4/16/21,0,1774.45,1829.7,55.25
4/17/21,1
4/18/21,1
4/19/21,0,1774.5,1830.3,55.8
4/20/21,0,1777.85,1830.8,52.95
4/21/21,0,1798.2,1831.4,33.2
4/22/21,0,1787.75,1832.1,44.35
4/23/21,0,1781.8,1832.7,50.9
4/24/21,1
4/25/21,1
4/26/21,0,1773.35,1833.3,59.95
4/27/21,0,1784.15,1833.8,49.65
4/28/21,0,1772.2,1834.4,62.2
4/29/21,0,1762.65,1834.9,72.25
4/30/21,0,1767.65,1835.4,67.75
5/1/21,1
5/2/21,1
5/3/21,1
5/4/21,0,1797.75,1835.9,38.15
5/5/21,0,1782.25,1836.6,54.35
5/6/21,0,1813.15,1837.1,23.95
5/7/21,0,1836.55,1837.8,1.25
5/8/21,1
5/9/21,1
5/10/21,0,1840.45,1838.6,1.85
5/11/21,0,1829.1,1839.5,10.4
5/12/21,0,1830.7,1840.2,9.5
5/13/21,0,1821.8,1841.0,19.2
5/14/21,0,1838.1,1841.7,3.6
5/15/21,1
5/16/21,1
5/17/21,0,1853.7,1842.5,11.2
5/18/21,0,1866.75,1843.4,23.35
5/19/21,0,1888.45,1844.3,44.15
5/20/21,0,1878.3,1845.3,33.0
5/21/21,0,1875.9,1846.3,29.6
5/22/21,1
5/23/21,1
5/24/21,0,1880.15,1847.2,32.95
5/25/21,0,1887.0,1848.2,38.8
5/26/21,0,1899.75,1849.1,50.65
5/27/21,0,1891.45,1850.2,41.25
5/28/21,0,1899.95,1851.2,48.75
5/29/21,1
5/30/21,1
5/31/21,1
6/1/21,0,1899.35,1852.2,47.15
6/2/21,0,1902.75,1853.2,49.55
6/3/21,0,1866.55,1854.3,12.25
6/4/21,0,1890.6,1855.1,35.5
6/5/21,1
6/6/21,1
6/7/21,0,1888.4,1856.1,32.3
6/8/21,0,1893.15,1857.1,36.05
6/9/21,0,1894.6,1858.0,36.6
6/10/21,0,1888.65,1859.0,29.65
6/11/21,0,1881.05,1860.0,21.05
6/12/21,1
6/13/21,1
6/14/21,0,1865.6,1860.9,4.7
6/15/21,0,1865.1,1861.7,3.4
6/16/21,0,1860.75,1862.6,1.85
6/17/21,0,1778.7,1863.4,84.7
6/18/21,0,1773.1,1863.8,90.7
6/19/21,1
6/20/21,1
6/21/21,0,1775.05,1864.3,89.25
6/22/21,0,1775.05,1864.7,89.65
6/23/21,0,1791.6,1865.1,73.5
6/24/21,0,1784.85,1865.7,80.85
6/25/21,0,1786.65,1866.1,79.45
6/26/21,1
6/27/21,1
6/28/21,0,1780.3,1866.6,86.3
6/29/21,0,1755.45,1867.1,111.65
6/30/21,0,1763.15,1867.4,104.25
7/1/21,0,1781.5,1867.8,86.3
7/2/21,0,1786.15,1868.2,82.05
7/3/21,1
7/4/21,1
7/5/21,0,1791.35,1868.7,77.35
7/6/21,0,1809.85,1869.2,59.35
7/7/21,0,1804.65,1869.7,65.05
7/8/21,0,1807.7,1870.3,62.6
7/9/21,0,1806.0,1870.8,64.8
7/10/21,1
7/11/21,1
7/12/21,0,1792.4,1871.4,79.0
7/13/21,0,1813.85,1871.9,58.05
7/14/21,0,1823.2,1872.4,49.2
7/15/21,0,1823.75,1873.0,49.25
7/16/21,0,1824.3,1873.7,49.4
7/17/21,1
7/18/21,1
7/19/21,0,1814.9,1874.3,59.4
7/20/21,0,1823.05,1874.8,51.75
7/21/21,0,1802.15,1875.4,73.25
7/22/21,0,1799.45,1875.9,76.45
7/23/21,0,1799.6,1876.4,76.8
7/24/21,1
7/25/21,1
7/26/21,0,1800.2,1876.9,76.7
7/27/21,0,1800.35,1877.4,77.05
7/28/21,0,1796.6,1877.9,81.3
7/29/21,0,1829.3,1878.4,49.1
7/30/21,0,1825.75,1879.0,53.25
7/31/21,1
8/1/21,1
8/2/21,0,1811.45,1879.6,68.15
8/3/21,0,1812.65,1880.1,67.45
8/4/21,0,1829.1,1880.7,51.6
8/5/21,0,1800.75,1881.3,80.55
8/6/21,0,1762.9,1881.7,118.8
8/7/21,1
8/8/21,1
8/9/21,0,1738.85,1882.1,143.25
8/10/21,0,1723.35,1882.3,158.95
8/11/21,0,1743.6,1882.4,138.8
8/12/21,0,1747.4,1882.7,135.3
8/13/21,0,1773.85,1882.9,109.05
8/14/21,1
8/15/21,1
8/16/21,0,1786.35,1883.3,96.95
8/17/21,0,1789.45,1883.7,94.25
8/18/21,0,1783.45,1884.1,100.65
8/19/21,0,1782.05,1884.5,102.45
8/20/21,0,1779.05,1884.9,105.85
8/21/21,1
8/22/21,1
8/23/21,0,1802.0,1885.2,83.2
8/24/21,0,1808.45,1885.7,77.25
8/25/21,0,1788.7,1886.2,97.5
8/26/21,0,1786.6,1886.6,100.0
8/27/21,0,1798.5,1887.0,88.5
8/28/21,1
8/29/21,1
8/30/21,1
8/31/21,0,1814.85,1887.4,72.55
9/1/21,0,1811.8,1887.9,76.1
9/2/21,0,1812.55,1888.4,75.85
9/3/21,0,1823.7,1888.9,65.2
9/4/21,1
9/5/21,1
9/6/21,0,1821.6,1889.5,67.9
9/7/21,0,1802.15,1890.0,87.85
9/8/21,0,1786.0,1890.5,104.5
9/9/21,0,1788.25,1890.8,102.55
9/10/21,0,1794.6,1891.2,96.6
